session_id,user_id,timestamp,attack_type,label,geo_velocity_kmh,device_mismatch_score,token_reuse_flag,login_burst_count,time_since_last_login_minutes
78f64547-7938-4442-b2bd-0e9e8f8ede3a,user_1901,2026-09-12T04:36:14.656674+00:00,token_replay,1,655.35,0.038,True,2,4.61
eeaec3ae-414e-4bd9-b3a0-790f996259f3,user_1771,2026-09-07T16:15:19.640116+00:00,none,0,858.63,0.03,False,1,380.33
e4562dda-3cba-4624-8a65-1ecb314ed91c,user_1514,2026-09-19T17:34:52.651001+00:00,none,0,108.25,0.094,False,1,1386.01
5a67635e-292a-4bc6-859a-24f59b830d3a,user_1134,2026-09-10T14:26:12.646404+00:00,none,0,587.23,0.058,False,1,1242.81
e0f2123a-b19e-419b-929b-a3636cf3d33f,user_1873,2026-08-26T14:51:23.650533+00:00,none,0,543.86,0.01,False,1,1334.72
233a740d-ba4a-49ab-a9bd-28594c07e307,user_1156,2026-08-30T00:33:14.650361+00:00,none,0,867.48,0.047,False,2,844.8
3ad29be0-f079-4cda-8ecf-612eb91bbacf,user_1368,2026-09-18T21:34:10.646758+00:00,none,0,83.81,0.03,False,2,1292.96
3f56a184-5e76-43f4-b0f5-853e7baeb7db,user_1872,2026-08-31T05:14:39.655331+00:00,device_takeover,1,190.68,0.933,False,2,0.57
0a741522-5472-43b9-8b98-89480c58120b,user_1285,2026-09-03T14:12:41.636660+00:00,none,0,577.33,0.04,False,2,1352.81
fac6d877-ff63-49d6-821a-4d5f4f4e96b2,user_1497,2026-09-19T06:43:47.650897+00:00,none,0,712.08,0.014,False,2,74.81
60ecff2a-b7b7-4d91-9a45-5fef715030d8,user_1437,2026-08-24T09:49:21.636560+00:00,none,0,8.7,0.008,False,1,787.92
c4cf0be1-c6c7-471f-85a8-9c2ee7eb3355,user_1120,2026-09-10T16:02:02.650566+00:00,none,0,819.89,0.016,False,2,1021.21
68daaa6b-e066-4826-a592-87fd6950c719,user_1424,2026-09-13T20:43:05.648682+00:00,none,0,751.96,0.06,False,1,303.17
fd4abd17-9acc-4ce3-81a8-38d1ea9eba3a,user_1775,2026-08-29T20:09:25.642951+00:00,none,0,155.59,0.098,False,1,1165.14
d99c0196-9c6f-40fc-abbe-888020d34f49,user_1068,2026-09-15T17:46:23.640344+00:00,none,0,534.55,0.045,False,1,356.19
48261e0e-35ee-462f-81ef-47d12533c982,user_1339,2026-09-07T09:00:21.639249+00:00,none,0,112.03,0.037,False,2,1071.65
d00eb423-96a3-420a-8f11-11ffb204ee24,user_1044,2026-09-14T10:19:45.644707+00:00,none,0,516.14,0.016,False,1,1283.29
13b02794-7540-4693-b9ca-345072582b73,user_1635,2026-09-17T17:09:10.637358+00:00,none,0,548.67,0.074,False,1,902.61
9d798209-141b-4dfa-804a-f307a34dec89,user_1930,2026-09-01T02:22:29.654431+00:00,impossible_travel,1,1902.1,0.053,False,1,3.02
d157ea00-3695-411c-be20-b32bacbdaa24,user_1162,2026-09-03T06:31:12.656589+00:00,token_replay,1,450.57,0.086,True,1,1.74
66f9b672-16cb-4677-aec6-010eb512d3a9,user_1979,2026-08-27T03:53:37.643944+00:00,none,0,121.17,0.05,False,1,798.88
ed2387be-f567-42a4-915f-1ae692704f43,user_1651,2026-09-04T10:48:40.654618+00:00,impossible_travel,1,2243.99,0.094,False,1,1.92
4f79764f-9517-40e5-bb1d-b56de6fddc15,user_1165,2026-09-02T11:43:28.657965+00:00,credential_stuffing,1,298.35,0.022,False,17,4.7
0a0ab66c-826a-4cba-bf5a-0548a2a6dd43,user_1474,2026-09-13T21:49:04.648304+00:00,none,0,786.78,0.041,False,2,904.47
2d6f48f0-dbdf-46d0-a103-c1cc3c1ec0eb,user_1623,2026-09-10T08:56:05.657328+00:00,credential_stuffing,1,727.23,0.051,False,26,3.92
d4916966-a623-4343-a536-8af3844c6b5b,user_1636,2026-09-13T05:47:17.637040+00:00,none,0,214.69,0.047,False,1,814.3
65b07b9d-21d2-40a7-87fe-c42a23bae8db,user_1480,2026-08-23T02:16:09.649351+00:00,none,0,20.01,0.032,False,2,467.67
6e3a4479-e225-4b26-a5a4-6440c69caed4,user_1954,2026-09-18T12:01:39.647033+00:00,none,0,618.35,0.059,False,1,483.27
3204e9ca-3079-4416-b6e5-9b8f0f52f1cb,user_1553,2026-09-19T01:23:17.645201+00:00,none,0,452.23,0.039,False,1,661.08
6ef2037d-dbcc-49fe-8c70-d4226fd1838e,user_1529,2026-08-29T17:18:24.636260+00:00,none,0,108.9,0.022,False,2,35.18
933dec01-946b-4c38-920e-3b2496aa5ce4,user_1988,2026-08-28T11:06:53.643449+00:00,none,0,344.98,0.004,False,1,1053.5
5e0b5d3a-1d0c-4932-860f-ab1d2b4bc439,user_1629,2026-08-24T07:48:35.646820+00:00,none,0,446.76,0.073,False,2,711.74
efe87a3b-802d-4751-94f5-92c70c61479b,user_1444,2026-09-13T00:17:13.642815+00:00,none,0,48.2,0.033,False,1,592.32
df874505-4147-4009-9da5-7936a8d2fadb,user_1578,2026-09-12T23:11:13.646425+00:00,none,0,285.75,0.056,False,1,269.23
3571dbaf-c7c4-4ebb-95f2-9b2df605baf8,user_1490,2026-09-15T21:08:56.648270+00:00,none,0,407.2,0.024,False,1,999.68
e01244bb-3883-4ed5-a19f-860bcdfa397b,user_1210,2026-09-07T03:01:52.641210+00:00,none,0,677.09,0.081,False,1,833.49
7818161e-6225-49e3-a811-ee614b551d45,user_1439,2026-09-08T14:40:47.654049+00:00,impossible_travel,1,6558.52,0.073,False,1,1.25
2d8d0def-2aa4-44b0-b86f-c49f31c124b9,user_1448,2026-08-29T10:43:29.650545+00:00,none,0,866.38,0.076,False,1,1126.67
a46e90cb-4a91-496b-92f6-2dc5fb0e9754,user_1605,2026-09-13T09:45:50.648249+00:00,none,0,822.38,0.09,False,2,1411.56
c520c583-ae8d-4c60-8cce-4654b07ff4ba,user_1514,2026-08-26T00:47:28.638980+00:00,none,0,376.79,0.016,False,1,1154.81
b30d344c-145c-4eb9-9f6a-4667acfa729d,user_1066,2026-09-01T04:28:06.637316+00:00,none,0,442.57,0.058,False,1,222.73
fe56251e-c838-4446-8d07-9ede5851de0d,user_1621,2026-08-28T17:01:22.657378+00:00,credential_stuffing,1,593.28,0.052,False,20,1.35
eedbecb7-4257-48b0-850b-939db649b550,user_1243,2026-08-30T01:47:50.638947+00:00,none,0,549.54,0.075,False,2,340.79
398ebea8-00dd-4ff2-b7f3-00e5fde6910e,user_1129,2026-09-18T13:36:19.642962+00:00,none,0,381.04,0.099,False,2,294.75
a90069c4-e908-449e-b5bd-a201221a22d2,user_1967,2026-09-08T07:11:09.653589+00:00,none,0,608.87,0.094,False,1,774.02
c176e2c8-a313-4d31-beb9-619fc6734f75,user_1815,2026-09-20T06:55:00.645538+00:00,none,0,493.39,0.019,False,2,571.47
6416d527-f5c1-4bf8-9b03-cea40399894b,user_1801,2026-09-08T01:16:54.641848+00:00,none,0,150.27,0.013,False,2,1056.76
38685bfb-6594-43b9-be0b-4817db934cb1,user_1745,2026-09-16T11:20:43.646235+00:00,none,0,101.13,0.005,False,1,1251.66
0a2a06ea-4bed-4481-a12e-8f81526ea634,user_1071,2026-09-04T14:36:55.636719+00:00,none,0,560.84,0.066,False,1,1037.85
fd4a8637-9290-438a-8173-e0aa59281a59,user_1755,2026-09-20T05:58:19.654039+00:00,impossible_travel,1,4908.96,0.029,False,2,0.41
ee0568fe-b45c-4bfc-a269-db5417a06294,user_1616,2026-08-22T23:01:20.653192+00:00,none,0,199.93,0.04,False,2,458.35
258c7152-84c2-46fe-a90a-b8617f6a7334,user_1349,2026-08-28T00:46:46.638898+00:00,none,0,172.8,0.1,False,1,115.73
0d38bd1e-7f72-44a2-b7a0-9b41b8df3aed,user_1010,2026-09-08T11:20:58.652248+00:00,none,0,103.21,0.092,False,2,966.87
53b53efd-fd15-47d7-be7e-c7b55718c5a5,user_1673,2026-09-07T15:43:37.638494+00:00,none,0,26.06,0.027,False,2,1327.41
990e4ac4-29c0-43f2-ad9c-9287a0a80a0f,user_1310,2026-08-30T03:11:19.646445+00:00,none,0,671.05,0.082,False,2,223.06
9d397a8b-aee6-4834-888c-ce48c14667d5,user_1162,2026-09-04T23:41:51.655436+00:00,device_takeover,1,183.39,0.728,False,2,0.06
ad8499b0-c204-48a2-b9a8-076deb019809,user_1994,2026-09-20T10:31:10.650046+00:00,none,0,473.41,0.057,False,2,1325.79
27315fe5-6bac-412d-8cc4-88b3c5f9ed49,user_1992,2026-09-16T09:46:07.654954+00:00,impossible_travel,1,5490.21,0.045,False,1,4.67
40a9b3cb-3f31-464d-b43d-2b93d939390d,user_1650,2026-09-16T23:34:15.649381+00:00,none,0,756.34,0.054,False,2,385.5
2fbeaec3-0f3b-45cb-bb9f-88ac73d2b68a,user_1532,2026-08-30T04:32:41.640205+00:00,none,0,104.62,0.021,False,2,135.5
a3293776-e94b-4568-b160-988d593076c8,user_1657,2026-09-18T19:09:42.652499+00:00,none,0,214.26,0.073,False,2,1065.83
853541be-1bd0-4483-8b59-ee04e7fdc802,user_1986,2026-09-03T23:52:00.643988+00:00,none,0,873.44,0.045,False,1,203.29
83a80e6c-29f1-4a77-8e74-41b2e4505972,user_1370,2026-08-23T01:11:42.654174+00:00,impossible_travel,1,5759.76,0.037,False,2,1.05
9b166c7e-064c-41e1-a709-e858a05f80ed,user_1342,2026-09-09T01:17:56.648370+00:00,none,0,485.67,0.065,False,1,1085.8
66d8c3b1-5148-4f41-a255-abe03344ac35,user_1155,2026-09-15T23:59:41.658029+00:00,credential_stuffing,1,662.29,0.079,False,16,4.16
5e77994d-2327-423d-9979-47cf6f85041e,user_1296,2026-09-06T14:05:37.656536+00:00,token_replay,1,600.78,0.096,True,2,1.84
99d630a9-eb28-4f5a-8032-c017ba0bb446,user_1676,2026-09-13T09:28:35.647288+00:00,none,0,407.68,0.029,False,2,285.78
9166a43b-1a62-41ba-8b6a-4576872bffa4,user_1894,2026-09-04T14:33:04.652979+00:00,none,0,725.64,0.0,False,2,1045.69
83158583-99e0-4ac5-a746-3c2f5effcd96,user_1506,2026-09-04T20:39:26.637169+00:00,none,0,163.66,0.021,False,2,493.39
974efde3-9c01-41ac-a8a6-00fe159d6df9,user_1139,2026-08-28T20:36:02.652684+00:00,none,0,176.14,0.092,False,1,23.42
7a0cee77-0319-44d1-805b-b2720ea958c6,user_1018,2026-08-22T04:08:00.652278+00:00,none,0,90.46,0.029,False,2,246.73
a2a97fbc-a5e8-47f0-99d2-c61d853fd57f,user_1261,2026-09-10T18:25:18.640459+00:00,none,0,297.24,0.008,False,2,1220.64
ee2136cc-eaef-4fce-a35c-037c0deacb22,user_1384,2026-09-10T16:06:55.651669+00:00,none,0,360.28,0.083,False,1,525.64
f02bea2d-b2cb-49fe-8181-d115c509e1cc,user_1607,2026-09-12T05:14:42.647997+00:00,none,0,301.95,0.012,False,1,1092.08
bb1fd68e-e011-4e03-ba6e-498838b14adc,user_1675,2026-09-14T07:28:56.644800+00:00,none,0,811.79,0.054,False,1,1292.15
eb465d7c-4ae2-461b-afb0-25a65125ee8c,user_1306,2026-08-28T14:02:11.639800+00:00,none,0,734.17,0.037,False,1,1411.15
d04bf5fb-7633-4360-89af-78e827e771a8,user_1991,2026-09-11T09:27:18.654194+00:00,impossible_travel,1,2736.35,0.045,False,1,0.37
b2e5b1bc-3780-44bc-8ad3-a917216c00ef,user_1211,2026-09-09T12:16:48.645141+00:00,none,0,182.49,0.025,False,2,228.85
ccce7652-e698-4342-bb37-13bb108f739d,user_1928,2026-09-02T07:30:40.640281+00:00,none,0,338.08,0.068,False,1,942.82
9404d2aa-5cda-410b-bb21-64987feedcc5,user_1992,2026-09-20T05:36:55.656245+00:00,token_replay,1,449.03,0.069,True,2,3.4
a883a345-4168-4c26-84dc-6d1df9800605,user_1446,2026-09-20T13:21:21.636707+00:00,none,0,467.93,0.081,False,1,527.66
5ab0d18b-edd2-44a8-9121-5cf5227d4464,user_1943,2026-09-10T12:07:43.645890+00:00,none,0,590.17,0.093,False,1,676.66
0bac1e32-5dc4-4aba-95a1-a0ace80070c4,user_1171,2026-08-28T18:54:19.652621+00:00,none,0,397.24,0.051,False,2,1096.07
bd2290f3-4b8f-4161-ad88-4f6920a93020,user_1930,2026-08-25T13:04:50.653451+00:00,none,0,166.4,0.081,False,1,570.1
6bd0afb6-f6f9-49ad-b8f9-eefbe60e8f5d,user_1698,2026-08-29T03:46:06.654899+00:00,impossible_travel,1,1708.78,0.063,False,1,4.42
616e56cd-424d-4a25-8873-5d31ce96548a,user_1336,2026-09-14T02:53:38.652510+00:00,none,0,250.31,0.064,False,1,752.45
4207947b-ab03-4b3e-ab95-a2da3fb54551,user_1051,2026-09-08T13:17:07.656025+00:00,device_takeover,1,863.07,0.766,False,1,4.48
4301aa59-37a2-4302-9895-4e3689a1c7ed,user_1591,2026-09-14T07:10:23.641523+00:00,none,0,509.53,0.049,False,2,1288.11
51d10223-c316-4a31-90de-dfcc8f23a09c,user_1445,2026-09-07T07:26:46.639314+00:00,none,0,575.52,0.079,False,1,112.68
536026fc-9b88-4cf2-987d-e09f0da68cec,user_1386,2026-09-01T23:56:41.654441+00:00,impossible_travel,1,1186.44,0.083,False,1,0.66
660d2fb7-f329-407e-8b5f-97d0ad26c527,user_1837,2026-08-25T14:21:19.653461+00:00,none,0,705.13,0.053,False,1,749.62
5af15fc3-e72c-444b-85e1-09ac4eccdda2,user_1825,2026-09-15T14:22:35.655311+00:00,device_takeover,1,80.67,0.705,False,2,0.52
79ca0964-43b3-4a9f-bb8b-19030655d5dc,user_1569,2026-09-02T19:05:12.638469+00:00,none,0,103.4,0.028,False,1,1163.36
523002b9-ec8e-4f89-9ec4-0577e382ce82,user_1848,2026-08-24T21:00:40.639492+00:00,none,0,575.81,0.018,False,1,625.81
14bce467-fd6c-4e13-8e75-e0c68bfed479,user_1925,2026-09-02T18:54:53.656920+00:00,token_replay,1,316.61,0.034,True,1,1.19
83471301-2808-418a-af27-1cc86263e2ff,user_1027,2026-08-31T04:55:14.656393+00:00,token_replay,1,79.59,0.014,True,2,3.93
81dc9fbd-17f6-4c68-a64d-d935cc54d1ed,user_1394,2026-08-28T10:07:50.643693+00:00,none,0,719.91,0.065,False,1,167.24
bd74e9ea-6d0f-4d88-9efd-b2c1af338129,user_1913,2026-08-24T11:23:28.649931+00:00,none,0,37.01,0.018,False,1,727.88
f2d71ed4-754e-4fd9-a7e3-96225aaeceff,user_1383,2026-09-11T14:09:16.652870+00:00,none,0,633.64,0.02,False,1,726.25
077b9565-1b70-4cf3-8b9a-579336fae793,user_1370,2026-08-28T03:14:43.657424+00:00,credential_stuffing,1,544.7,0.045,False,23,1.15
2795b4d5-6ec8-490e-bd6a-5a65a10b4041,user_1501,2026-09-04T20:47:43.646522+00:00,none,0,780.1,0.089,False,2,585.98
8adceaf6-f95d-4c66-8bef-c2557f727860,user_1728,2026-09-02T01:20:38.647354+00:00,none,0,365.43,0.044,False,1,955.67
af8229e1-53f4-486c-a753-5aaf6238cc00,user_1843,2026-08-22T18:48:30.640969+00:00,none,0,122.51,0.032,False,1,692.38
44299640-0ffb-4f01-a21c-6046bb28ab60,user_1477,2026-08-27T13:56:23.651404+00:00,none,0,325.32,0.076,False,1,72.39
cd20a6d7-c565-4ec9-9be0-cc5267712492,user_1857,2026-09-03T23:11:32.638804+00:00,none,0,884.15,0.008,False,1,61.17
f76a0145-6771-4923-b27e-f60c0bdaef20,user_1153,2026-09-04T18:32:23.646128+00:00,none,0,452.16,0.022,False,1,971.67
005c7a95-94e3-42ce-b290-a5e4b709b8eb,user_1314,2026-08-31T05:26:25.643361+00:00,none,0,709.28,0.033,False,2,845.29
468f9015-5341-4943-bee4-6a98e6d94d52,user_1105,2026-08-26T14:14:54.639002+00:00,none,0,766.05,0.029,False,1,396.46
8af20d42-46f3-4756-a8c2-8affd90cee1c,user_1608,2026-08-22T01:43:53.643262+00:00,none,0,254.41,0.068,False,2,96.61
b42da443-a537-40cc-a448-844239400c64,user_1821,2026-08-25T05:55:13.642238+00:00,none,0,715.36,0.099,False,2,693.35
af08e081-692f-4553-8ace-0c5658f470a9,user_1839,2026-09-12T03:07:14.644971+00:00,none,0,576.26,0.044,False,1,1225.56
7a7b2b0a-009e-4451-a08e-eb00a67bc85f,user_1691,2026-09-04T15:43:56.651921+00:00,none,0,225.02,0.075,False,2,278.57
b71bc4f7-ee0b-4df7-ab42-60cbc3188fe4,user_1470,2026-09-06T13:30:00.647861+00:00,none,0,583.01,0.018,False,1,1393.38
a5191200-7f92-4679-8bd3-bc6b5cd80048,user_1319,2026-08-29T14:21:08.655931+00:00,device_takeover,1,589.76,0.954,False,1,4.57
ea17d5ba-982f-4ea0-807d-2533ff6df91c,user_1931,2026-09-16T13:40:18.644844+00:00,none,0,254.94,0.088,False,2,374.95
1660b7c4-0bb4-4ad5-ad22-868cc756f3aa,user_1936,2026-09-17T20:11:22.640448+00:00,none,0,506.15,0.097,False,1,562.38
48a7b0a1-d06d-4ef6-b9b7-2611fc938059,user_1119,2026-09-18T15:22:53.648519+00:00,none,0,894.4,0.057,False,2,378.68
7cc24839-6a46-49d8-8d5f-a4fa57074437,user_1319,2026-09-04T12:07:53.647129+00:00,none,0,735.7,0.071,False,1,1402.23
c6397200-c29b-479a-8bac-c6a09585fab6,user_1488,2026-09-04T22:18:11.640104+00:00,none,0,842.24,0.001,False,2,342.97
e1d37f0b-163a-4384-8535-2dc3d40fa6fd,user_1782,2026-09-01T05:26:13.654009+00:00,impossible_travel,1,5516.73,0.092,False,2,0.66
2bacb09e-9f3c-4a07-8963-31769ac9d2bf,user_1750,2026-09-11T02:07:20.656308+00:00,token_replay,1,388.85,0.092,True,2,1.09
8b37237f-c301-499b-9193-f4c3b36c2054,user_1272,2026-09-13T06:41:27.647807+00:00,none,0,630.05,0.09,False,1,744.57
659e1add-1d7f-489a-aba1-f44676545d4e,user_1159,2026-09-20T10:19:23.648561+00:00,none,0,873.14,0.055,False,2,933.8
f0fdebba-5459-4995-883a-618200d5c3b7,user_1674,2026-09-05T23:52:45.641704+00:00,none,0,184.9,0.061,False,1,1078.16
c9377763-1ed5-490f-97de-152e36b30660,user_1200,2026-09-04T15:00:19.640570+00:00,none,0,207.02,0.057,False,1,721.5
56f4546f-9c06-402e-ae01-c95261d11aad,user_1437,2026-09-12T11:19:56.653355+00:00,none,0,833.39,0.01,False,2,262.77
ece6709f-60bc-46e7-919b-c80e7f0461ce,user_1451,2026-08-25T02:46:43.641366+00:00,none,0,196.69,0.043,False,1,432.21
885bd58e-761b-44d3-addd-38fb9be6fdcd,user_1423,2026-08-31T01:51:56.646204+00:00,none,0,328.74,0.019,False,2,857.21
b4f91095-f0ef-4714-84b0-017ad8965b01,user_1816,2026-09-05T13:31:13.649506+00:00,none,0,417.74,0.056,False,2,610.6
438b555f-1010-4a6a-ab69-c5bb564640be,user_1483,2026-09-19T02:21:09.640258+00:00,none,0,258.38,0.018,False,1,1103.96
2805a06e-1081-46f6-8aa2-740f7fdf124e,user_1933,2026-09-13T23:33:23.657018+00:00,token_replay,1,757.28,0.052,True,2,3.71
46cd84b0-2bfe-405e-9e4e-4d060e636ec4,user_1076,2026-08-25T16:40:39.656805+00:00,token_replay,1,517.82,0.085,True,2,2.0
28b31a50-9532-486b-a551-62525dde2203,user_1616,2026-09-14T21:27:42.644686+00:00,none,0,595.0,0.041,False,2,1038.57
06d5347f-e1aa-44c2-a19d-a5e9c1affbd2,user_1416,2026-09-14T18:39:28.642082+00:00,none,0,482.33,0.096,False,1,653.5
f99b165f-7efa-479c-aac8-2269c4472010,user_1833,2026-09-08T07:03:26.645308+00:00,none,0,428.89,0.063,False,2,1073.49
07223d68-65d7-4866-91a4-363ae81fcd42,user_1580,2026-09-14T22:36:11.649825+00:00,none,0,12.7,0.053,False,2,1192.11
d763c5e6-8e21-4116-aa62-c85b311b3243,user_1739,2026-09-19T14:43:20.657933+00:00,credential_stuffing,1,722.17,0.009,False,20,4.56
78553802-5799-4771-9465-9f8211e4a904,user_1015,2026-09-07T00:17:13.657143+00:00,credential_stuffing,1,719.63,0.095,False,12,4.99
c6553932-7cfa-4194-a100-fcc0875ab5cd,user_1452,2026-09-13T19:41:36.654984+00:00,impossible_travel,1,9458.47,0.097,False,2,0.2
29faa9a0-2b83-4eb7-aee3-011796c298da,user_1214,2026-09-10T01:10:44.653334+00:00,none,0,723.92,0.02,False,1,524.79
1f427471-aa8b-46bf-98e0-4e44173b23a6,user_1291,2026-08-23T20:00:21.650792+00:00,none,0,605.19,0.071,False,1,156.0
e00a7635-4acf-462b-ab4f-671a7747007f,user_1701,2026-08-31T22:11:39.639592+00:00,none,0,267.69,0.007,False,1,231.85
9562bb52-83c2-49b6-ad88-af6451880b33,user_1594,2026-08-31T03:50:46.654638+00:00,impossible_travel,1,5742.51,0.078,False,1,3.52
c630d1c7-73d6-4237-8619-d0c7ea32319d,user_1970,2026-09-11T22:53:42.645944+00:00,none,0,502.58,0.056,False,1,1104.62
05afc5cd-1260-4663-b7ea-c64e92fc6204,user_1221,2026-08-22T21:50:56.653566+00:00,none,0,323.16,0.013,False,2,111.71
febec808-5b5c-415a-ba80-550de25faba9,user_1474,2026-09-07T18:34:11.642092+00:00,none,0,767.23,0.009,False,2,1190.86
2330a5fa-febd-46f1-a328-c5a6f677601e,user_1797,2026-09-03T05:31:42.643723+00:00,none,0,550.22,0.086,False,1,698.22
b4010883-5c6b-49a9-8b23-144271155d44,user_1447,2026-09-16T19:04:16.650211+00:00,none,0,816.49,0.048,False,1,1417.31
d63c6585-8da9-4496-a923-775f925eb5bd,user_1642,2026-09-05T06:59:52.638737+00:00,none,0,135.86,0.007,False,2,911.04
c04004a0-9bb4-4a80-b9e0-1d14427731ec,user_1852,2026-09-11T05:09:46.637273+00:00,none,0,266.62,0.036,False,2,25.3
ffc23f03-4089-4b85-abde-84722e1100d2,user_1165,2026-09-17T07:54:43.654964+00:00,impossible_travel,1,3521.06,0.036,False,1,0.36
0d412d8c-8394-4cca-a650-3a37da282236,user_1331,2026-09-20T08:10:58.646872+00:00,none,0,102.45,0.033,False,2,1044.51
02a1be3c-c869-4c7e-b2e7-f58ffdc5177f,user_1687,2026-09-03T05:38:49.643329+00:00,none,0,456.58,0.085,False,1,426.58
953a34b0-5033-4626-8471-0353926a9f5d,user_1884,2026-08-31T03:06:34.649340+00:00,none,0,511.24,0.09,False,2,34.28
bf09e72b-c6ee-4e70-86a6-6d5e2f9cce6e,user_1425,2026-08-28T03:07:58.639603+00:00,none,0,418.0,0.034,False,1,453.56
bfa46d20-e62a-41b4-af51-74a29049572c,user_1479,2026-09-05T21:02:04.637520+00:00,none,0,629.76,0.094,False,2,633.18
fa9f1840-deea-4d37-866f-f8822cf6ca81,user_1628,2026-09-10T20:36:12.642620+00:00,none,0,725.8,0.034,False,1,1323.45
aae78947-7434-4f59-a107-23a7e7833d18,user_1012,2026-08-24T00:10:47.654709+00:00,impossible_travel,1,8479.61,0.042,False,1,2.35
c5c64a6c-2dbe-487e-9909-9eb3777371b2,user_1924,2026-09-18T22:51:53.642940+00:00,none,0,451.89,0.09,False,1,177.6
263e5eab-d9b8-43c9-ad33-9f07480af789,user_1704,2026-09-02T02:17:10.654370+00:00,impossible_travel,1,9510.91,0.026,False,1,4.08
9b93b7a4-b64f-4ff0-912e-f6493c67d6a0,user_1168,2026-08-27T17:36:46.643894+00:00,none,0,126.4,0.072,False,2,158.49
988faeb1-d02d-41e2-98f5-e077422b7178,user_1185,2026-09-11T07:24:22.645648+00:00,none,0,806.13,0.025,False,2,1193.54
a503645d-360c-4e6e-8a58-1f84aa065194,user_1845,2026-08-22T21:02:36.637148+00:00,none,0,241.56,0.085,False,1,405.26
20924354-44ec-4cac-a09b-9c718239fb09,user_1695,2026-09-04T18:23:42.649172+00:00,none,0,137.46,0.062,False,1,1095.85
eed0902e-5d90-4639-9643-a3cbc74a75c2,user_1688,2026-09-17T01:00:25.657738+00:00,credential_stuffing,1,636.13,0.031,False,11,2.17
bdfd209e-741c-4bda-987c-85dae41932e6,user_1012,2026-09-01T17:53:27.652393+00:00,none,0,191.49,0.022,False,2,937.67
75f8dc66-b69c-4ba1-98b0-5d3bcd6419a8,user_1705,2026-08-30T09:36:33.655301+00:00,device_takeover,1,570.7,0.911,False,1,4.98
3e92bd9c-da17-4710-bf54-705917a70c49,user_1115,2026-09-13T10:49:52.650025+00:00,none,0,111.29,0.009,False,2,264.24
b35c4d54-7be8-4cef-8323-69c565ced9f4,user_1865,2026-08-24T09:45:14.638481+00:00,none,0,877.09,0.082,False,1,878.91
ef3a1f4b-5358-4e60-ac0f-985ae695876e,user_1284,2026-08-22T03:03:59.655705+00:00,device_takeover,1,851.64,0.942,False,1,2.87
641721cf-8db8-4917-b298-792c63475e70,user_1419,2026-09-07T08:52:30.648704+00:00,none,0,373.06,0.056,False,1,290.93
7fe09965-5f0c-4c9e-9f19-04a87feb773a,user_1616,2026-08-26T18:27:35.643999+00:00,none,0,269.02,0.07,False,2,1026.54
c31ae6d8-f31c-4f42-9b7b-cb8ee62ec7d7,user_1906,2026-09-12T10:03:12.657622+00:00,credential_stuffing,1,259.63,0.092,False,29,3.77
01bf5873-90c0-4cb1-8767-456ec1fa6ad4,user_1707,2026-09-04T13:19:30.656443+00:00,token_replay,1,777.88,0.012,True,1,3.51
13e50cd5-894d-4c62-8c62-f2d53d97b376,user_1212,2026-08-23T03:22:47.640767+00:00,none,0,129.77,0.082,False,2,1337.94
2c6e8e18-3a78-40ba-83fc-b3b1cbe23d96,user_1915,2026-09-05T19:47:04.650909+00:00,none,0,800.15,0.022,False,2,7.99
a695e76b-0cc2-4660-82f6-236900914ab7,user_1648,2026-09-09T22:33:44.645085+00:00,none,0,609.22,0.023,False,2,596.83
891be158-8abf-4028-acdd-569209095b89,user_1568,2026-09-14T13:01:30.651131+00:00,none,0,274.15,0.041,False,1,1219.41
5c9c7dcc-0aa6-4d35-919a-b4d771a82881,user_1740,2026-09-04T21:01:57.646075+00:00,none,0,713.61,0.017,False,1,859.16
535c793d-d038-4a2d-9716-8491e3fe82a1,user_1045,2026-09-15T15:32:16.654493+00:00,impossible_travel,1,5901.78,0.01,False,2,0.71
b737c944-f3d4-431c-a40a-e3307330e8ce,user_1663,2026-08-31T09:19:33.650414+00:00,none,0,800.23,0.012,False,2,648.35
5cc9bdc6-8fea-47af-b6d5-5e1ce7a3f261,user_1182,2026-08-28T12:05:56.645120+00:00,none,0,282.49,0.022,False,2,267.3
2294760b-3364-4803-a914-03afbe68e61c,user_1125,2026-08-30T14:18:33.656235+00:00,token_replay,1,715.8,0.057,True,2,1.44
21255802-6424-4bc4-87eb-54e6f551606d,user_1906,2026-09-16T06:06:42.649558+00:00,none,0,357.21,0.084,False,1,343.72
49106314-6800-4140-b2b2-d11758c24e2b,user_1293,2026-08-29T03:00:57.645359+00:00,none,0,568.54,0.014,False,1,924.23
55b917ff-dca5-48ff-bbbf-1bf34b58dfd8,user_1514,2026-09-15T11:40:10.644348+00:00,none,0,260.85,0.069,False,1,408.98
735aa6d2-126a-4d9c-b26c-2b5c7a3b07fb,user_1298,2026-08-30T18:52:56.658059+00:00,credential_stuffing,1,83.76,0.097,False,27,1.39
8ed2c04c-14b2-4da3-b5d9-a61a7e39d3d3,user_1511,2026-09-02T17:16:44.654565+00:00,impossible_travel,1,9395.94,0.081,False,1,3.94
c39f9a17-7bd2-4055-b761-931f61377717,user_1764,2026-09-06T01:28:47.649472+00:00,none,0,759.71,0.041,False,1,914.69
79ca2e8b-1466-4e39-acf3-665e74b71ece,user_1506,2026-09-02T02:10:42.649845+00:00,none,0,117.18,0.086,False,1,1433.12
f89db796-84b0-48ff-a0a4-ab71eae9eb10,user_1126,2026-09-19T03:43:03.643148+00:00,none,0,217.74,0.049,False,2,259.83
82b61c5e-a065-4fde-8030-97302be42d41,user_1752,2026-09-04T11:54:50.639182+00:00,none,0,120.07,0.035,False,2,1172.39
6230e49a-b762-441b-b06e-acf3d93f197a,user_1012,2026-08-22T17:53:49.651553+00:00,none,0,641.97,0.059,False,1,1302.77
1132ec88-db57-4a69-8e62-220c0339f8f7,user_1791,2026-08-27T15:38:17.638711+00:00,none,0,417.56,0.056,False,2,982.43
3a58518c-bfd3-4569-9052-f29bd9355120,user_1218,2026-08-27T01:55:40.636482+00:00,none,0,238.68,0.093,False,1,1266.75
b0f16f9e-d16c-47bc-8cec-4e320416e6bf,user_1468,2026-08-24T04:17:45.641345+00:00,none,0,668.27,0.077,False,1,826.84
eab1bba3-1e19-4bc9-a90c-acf12aa3462d,user_1151,2026-09-02T12:50:56.648539+00:00,none,0,403.59,0.098,False,2,179.34
5e32c75b-95e4-4a59-884c-ee3800b372b6,user_1101,2026-09-19T02:15:24.645867+00:00,none,0,513.91,0.084,False,2,759.55
d0660e1a-0e9b-4388-8af4-c74416948209,user_1177,2026-08-26T16:39:05.644147+00:00,none,0,107.42,0.004,False,2,803.72
10283177-3351-4a44-9686-9abb265fbd42,user_1668,2026-08-30T00:43:33.653411+00:00,none,0,330.59,0.012,False,1,180.14
d19a576d-7707-41f3-afd2-910d3e8a17af,user_1296,2026-09-08T10:26:43.656795+00:00,token_replay,1,351.38,0.036,True,1,4.84
50fbbdfe-5580-4048-9053-3759a5215c21,user_1133,2026-09-09T03:28:02.642048+00:00,none,0,262.51,0.085,False,2,1010.54
b5aec318-09c8-4001-8569-83c918e9a8c3,user_1694,2026-09-13T23:58:01.638033+00:00,none,0,565.42,0.09,False,1,448.32
1eb660b7-1d60-4c43-be65-656373a45c52,user_1580,2026-09-17T23:57:33.644433+00:00,none,0,766.25,0.093,False,2,930.11
1c45c6f1-ca42-4428-a987-33cb9cb354de,user_1997,2026-09-03T20:22:15.640801+00:00,none,0,48.33,0.044,False,1,493.75
6f905f4f-3486-4685-8362-053a15e0fbd9,user_1977,2026-09-18T15:31:53.638780+00:00,none,0,404.76,0.081,False,1,466.39
50345724-cbde-4100-bc64-28d319b726bb,user_1061,2026-09-13T23:03:45.652489+00:00,none,0,337.07,0.03,False,1,544.2
2cdc47d5-ea97-4c68-835a-dddcae705e51,user_1546,2026-08-22T04:17:21.651022+00:00,none,0,288.39,0.059,False,2,1241.93
d7500feb-b06d-4cdc-87a5-6d2b88ab27e4,user_1198,2026-09-15T04:02:44.648094+00:00,none,0,716.95,0.069,False,2,718.93
bcdbe35e-ab77-4e77-857a-03619dbca36a,user_1797,2026-08-25T21:25:10.636190+00:00,none,0,826.64,0.06,False,2,32.95
40d7bc34-75d2-43d0-8db7-f3b3ccf5d4b7,user_1575,2026-09-17T10:09:24.655695+00:00,device_takeover,1,347.03,0.881,False,1,0.51
50bca504-5d99-4e5a-8b23-11ceaad92000,user_1836,2026-08-29T07:02:03.636638+00:00,none,0,314.69,0.082,False,1,324.9
d162ef44-3113-4c32-a0d3-8913f3ec326f,user_1138,2026-09-17T01:02:58.639400+00:00,none,0,406.84,0.09,False,2,1436.07
97e5482d-b80c-40c4-9412-d662a02adb09,user_1702,2026-09-02T19:21:00.638204+00:00,none,0,490.02,0.098,False,2,91.89
00a89680-af94-4e0b-ba8d-756a3baaf7c5,user_1628,2026-09-08T19:14:49.644232+00:00,none,0,863.01,0.068,False,2,552.27
87f302a3-13e0-49dc-bfee-224616de352e,user_1762,2026-09-16T07:18:52.656195+00:00,token_replay,1,174.46,0.095,True,1,4.83
90331a53-3ae0-4b4d-9945-64b8f686da4b,user_1319,2026-09-03T00:54:12.648886+00:00,none,0,125.11,0.044,False,2,252.12
2b74692c-bbbb-4cc2-a71b-ea0f6479f094,user_1368,2026-09-09T04:00:50.640127+00:00,none,0,55.91,0.012,False,2,234.19
41d88d17-20da-415d-a702-a0ae286516e0,user_1279,2026-08-29T18:23:50.640821+00:00,none,0,441.54,0.036,False,2,624.7
38126d41-d61c-48a4-8b11-e8bf5d835d8b,user_1252,2026-08-27T10:59:06.650062+00:00,none,0,609.22,0.089,False,1,412.94
81a856d3-a0c5-4bb1-8152-1e2d0ab9185e,user_1787,2026-08-29T23:23:52.646671+00:00,none,0,259.9,0.018,False,1,1383.22
432f49f5-e4f7-4ed7-8083-838d6861efa6,user_1763,2026-09-17T13:16:33.638297+00:00,none,0,428.62,0.078,False,1,653.63
9e3daf71-2ab0-468e-aa3b-0a5830a4e39c,user_1045,2026-09-07T20:33:51.642894+00:00,none,0,395.77,0.026,False,2,814.69
0f0f4c18-132d-4878-bdc5-19c737af7ea3,user_1496,2026-08-31T15:19:04.648854+00:00,none,0,306.28,0.091,False,1,317.65
90885aa7-da1a-4156-8095-66d809cc732b,user_1675,2026-09-13T18:18:42.656185+00:00,token_replay,1,321.47,0.003,True,2,1.8
ad73fd2c-6efb-4a74-ae64-405a28b4daf0,user_1083,2026-08-31T19:23:10.657456+00:00,credential_stuffing,1,378.92,0.098,False,28,2.47
f9e012f6-c9e7-41cb-a04e-05704cc32c9e,user_1563,2026-09-19T07:58:00.641012+00:00,none,0,857.7,0.046,False,1,634.18
a2b4f6f9-d622-4c13-b1fe-58467ea8ae3f,user_1223,2026-08-29T01:31:21.637051+00:00,none,0,629.52,0.077,False,1,874.46
acc911d6-5b82-4518-9c02-1751d4dc3459,user_1293,2026-09-09T16:09:07.654513+00:00,impossible_travel,1,9295.22,0.068,False,1,2.46
168a3a09-b10b-4faf-8d73-abf85312fbdf,user_1670,2026-09-04T06:02:07.640580+00:00,none,0,231.59,0.082,False,2,666.29
83075a8f-2f4d-4fc4-b096-589d44401abc,user_1135,2026-08-26T15:25:40.657497+00:00,credential_stuffing,1,780.19,0.092,False,23,1.77
b0921f77-4082-4993-943f-55d985f21e8b,user_1308,2026-09-10T09:13:15.638583+00:00,none,0,690.61,0.076,False,2,475.86
e048c9cf-5304-416b-b8a1-e33cf215a213,user_1454,2026-09-19T23:56:10.654732+00:00,impossible_travel,1,3580.92,0.016,False,1,3.02
0fba72ff-5725-48f4-aeaf-f420daf37579,user_1193,2026-08-31T02:33:35.652815+00:00,none,0,149.24,0.043,False,2,723.43
833d0c31-0650-458e-a3a6-1afc7629bf8f,user_1999,2026-09-07T00:28:18.655880+00:00,device_takeover,1,289.72,0.919,False,1,0.46
204ebddc-d852-4ced-ab21-4d6a97223ff2,user_1740,2026-09-18T19:52:14.640016+00:00,none,0,821.91,0.018,False,1,1345.18
ccaac20c-8cb3-45c0-b9c5-0c3ae5290cd3,user_1619,2026-09-14T07:58:24.647716+00:00,none,0,338.36,0.076,False,1,1290.76
888ce6ad-1b15-4fa7-aa9b-fd3575a16216,user_1451,2026-09-18T11:02:24.646225+00:00,none,0,831.79,0.023,False,2,228.85
79ca1efa-7ee1-4e46-a39a-5f36c4c6d82f,user_1862,2026-09-10T07:26:59.651184+00:00,none,0,526.64,0.051,False,1,236.63
d9167d20-8cd7-4b06-b2d7-643adfc0697b,user_1829,2026-08-27T17:50:26.642595+00:00,none,0,487.91,0.018,False,1,134.52
1310de2f-62f7-498b-8ef8-cc625e8ee444,user_1078,2026-08-26T15:50:32.644676+00:00,none,0,579.13,0.021,False,1,230.81
77552729-61e3-435b-ae8b-42216516963a,user_1945,2026-09-11T04:01:39.653303+00:00,none,0,631.0,0.055,False,1,192.84
c5fa3697-a10d-4e0e-b22e-7ed04d4d06f9,user_1867,2026-09-04T13:02:33.642175+00:00,none,0,110.27,0.094,False,1,246.06
4c8c134d-f21e-4695-b648-b4b1a4f012b4,user_1316,2026-08-26T05:02:55.646414+00:00,none,0,818.61,0.043,False,1,946.69
2213a6b3-9e77-4d72-9bd3-888456528a4a,user_1477,2026-09-10T07:00:07.651657+00:00,none,0,215.12,0.073,False,2,1163.43
aa67dfee-34f2-4b28-b3dd-99e6f4e63b97,user_1708,2026-09-08T19:51:19.637215+00:00,none,0,275.59,0.058,False,2,799.23
b81b7fca-691e-4cda-a8e9-f5b0d8d4eb44,user_1503,2026-09-11T12:32:08.645594+00:00,none,0,288.58,0.015,False,1,271.82
452454ae-492f-4829-8617-eed1f1fd3f30,user_1129,2026-09-18T23:37:31.657486+00:00,credential_stuffing,1,750.47,0.002,False,15,4.95
37333071-d108-4ef9-8fab-f1605312acd6,user_1950,2026-09-04T06:14:25.645371+00:00,none,0,379.63,0.061,False,2,1223.17
97637c98-dc85-4649-9e87-580f2c647d97,user_1861,2026-09-02T12:46:28.650759+00:00,none,0,233.78,0.051,False,1,73.5
c64cfbcf-8ab0-47a4-903d-06afb882f20d,user_1645,2026-09-16T20:21:15.647476+00:00,none,0,615.67,0.054,False,2,884.71
b4f33184-ced9-4442-b8a3-20ce30075f25,user_1558,2026-09-06T13:50:04.639582+00:00,none,0,577.72,0.03,False,1,1159.73
789f207e-3d52-4dca-a7fa-e013b742c326,user_1919,2026-09-05T18:14:01.648485+00:00,none,0,154.56,0.026,False,2,538.68
bb273cfe-3ebd-47d2-8caf-63e93906c4a0,user_1780,2026-09-18T06:55:31.641534+00:00,none,0,41.35,0.063,False,2,28.36
f6484c0b-6129-4874-b804-8b7e40e9c639,user_1233,2026-09-09T14:56:17.651966+00:00,none,0,651.0,0.021,False,1,745.21
1f3bba23-cf6e-430c-8950-a0752a5c676d,user_1566,2026-09-09T11:42:13.648219+00:00,none,0,77.83,0.086,False,2,1242.26
052c513f-6403-4851-8603-338822096acf,user_1174,2026-09-02T09:53:10.642791+00:00,none,0,144.81,0.008,False,1,489.96
0900f4d0-38e8-41c3-949b-08245c5c9d61,user_1482,2026-09-14T10:15:38.643340+00:00,none,0,666.83,0.073,False,1,1363.84
aec9e22d-308c-49d2-b4ac-350fb027ec9b,user_1086,2026-09-17T17:44:50.657058+00:00,token_replay,1,251.18,0.061,True,2,0.09
055c199e-f5ad-4dbd-8de8-1278be097e7f,user_1465,2026-08-29T19:05:56.650275+00:00,none,0,561.43,0.027,False,1,307.88
2af81d52-7134-4228-b7c5-d9a1bc303d6a,user_1047,2026-09-08T18:03:50.636809+00:00,none,0,885.54,0.061,False,1,658.52
5db0f904-f304-4ffc-b4d3-8f34ed05bf4f,user_1624,2026-08-24T20:50:34.657212+00:00,credential_stuffing,1,282.62,0.006,False,15,1.29
723c50a3-e189-4585-a91f-605a7c817e7f,user_1497,2026-09-10T05:43:20.636293+00:00,none,0,485.31,0.072,False,2,353.7
f1cf7705-a7bc-42ba-b7e5-a6633e98c51e,user_1341,2026-09-13T05:24:55.653258+00:00,none,0,745.1,0.021,False,1,1010.08
0fb52928-a6c9-4ed8-9a24-7bee7a888845,user_1553,2026-08-30T16:52:46.647778+00:00,none,0,196.55,0.064,False,2,1031.6
8d8717f4-10fe-454b-b292-af04bef16410,user_1673,2026-09-20T15:13:36.653525+00:00,none,0,223.5,0.005,False,2,950.89
89480abe-2f5a-4cd1-bf69-e7b7f0ffbb7a,user_1527,2026-09-04T17:15:50.640093+00:00,none,0,78.06,0.067,False,1,1413.72
30f4c291-1191-4a17-bc52-2c54b331ce1c,user_1815,2026-09-17T21:56:33.637909+00:00,none,0,264.03,0.037,False,1,355.42
0b59d875-4bf4-4d65-b975-d7673d45ff14,user_1909,2026-09-09T13:06:43.638384+00:00,none,0,372.43,0.083,False,2,601.95
e14a7175-ac68-4497-95ec-3117d4b06b01,user_1999,2026-08-23T16:16:34.647986+00:00,none,0,491.3,0.032,False,1,1101.67
a03d4a75-a9b8-4b27-9291-a5e246ac6c3d,user_1284,2026-08-24T00:16:27.651341+00:00,none,0,450.29,0.017,False,1,951.87
cd70d359-1190-4deb-afcd-9da0f7c956b0,user_1495,2026-08-25T21:17:39.657809+00:00,credential_stuffing,1,591.25,0.018,False,19,4.2
0264f85a-2029-4542-837e-9b1e496c7462,user_1302,2026-09-17T23:44:55.641715+00:00,none,0,705.42,0.079,False,1,715.16
5a4b9e4f-e3a8-4d9d-87f3-755b94ee08d4,user_1559,2026-09-03T23:49:16.654206+00:00,impossible_travel,1,3713.29,0.047,False,1,2.67
fbca9461-bf34-4411-9cdf-74758350c2c5,user_1704,2026-09-07T20:49:23.657799+00:00,credential_stuffing,1,552.04,0.063,False,17,3.19
a08797f8-2546-4433-82d6-f23d1701a854,user_1271,2026-08-28T19:36:08.657769+00:00,credential_stuffing,1,136.29,0.081,False,25,1.41
60b61284-8382-4557-af18-3c2475104398,user_1844,2026-09-01T08:36:36.643249+00:00,none,0,526.04,0.001,False,2,810.69
56c820c6-aa8c-48f7-935f-387eb619c81d,user_1954,2026-08-24T06:23:34.641002+00:00,none,0,179.82,0.1,False,1,983.26
5d85383c-1258-4cfa-b7ae-a39910c547a1,user_1980,2026-09-08T05:55:43.652746+00:00,none,0,694.14,0.075,False,2,736.29
411029ff-0314-46f7-a596-be2b93bff63e,user_1524,2026-09-15T02:43:09.638561+00:00,none,0,310.66,0.011,False,2,761.15
6b0c4b5f-a0d9-4e19-b06d-78385ce3cd7c,user_1455,2026-08-31T17:43:41.657414+00:00,credential_stuffing,1,325.69,0.035,False,26,0.38
7da3aef2-7226-4eb6-bc5f-76c821866a8e,user_1377,2026-09-18T12:08:01.652403+00:00,none,0,60.6,0.022,False,2,1106.43
f1a98891-cddb-47f2-b6b1-db722881f83e,user_1004,2026-09-08T13:25:35.643472+00:00,none,0,203.64,0.088,False,2,190.02
9e040be1-d90f-4b39-bc0c-a74ec5a86b75,user_1632,2026-08-31T16:21:03.651521+00:00,none,0,209.8,0.06,False,1,655.65
49b61297-6220-468b-8c32-4ceaaa463e77,user_1037,2026-09-13T07:27:16.650663+00:00,none,0,812.26,0.006,False,2,606.7
eb670195-1882-4ddc-9069-3a4ffd55a52e,user_1362,2026-08-24T11:00:53.636593+00:00,none,0,795.72,0.041,False,1,1333.47
e12865e0-106c-4420-b95e-cedc65cb7b2e,user_1932,2026-09-17T22:45:56.639504+00:00,none,0,748.25,0.052,False,2,241.28
54c5b802-f10b-462f-a0c4-7b3c825d1982,user_1827,2026-09-03T02:09:24.655103+00:00,device_takeover,1,710.6,0.994,False,1,0.27
69b26ba9-7dda-46f2-8255-b8ec9d652027,user_1924,2026-09-12T04:34:11.636751+00:00,none,0,553.96,0.03,False,1,441.06
8c39c3ad-a0da-4d64-9e71-e7be6152a44a,user_1778,2026-09-15T18:13:37.637897+00:00,none,0,399.31,0.069,False,1,71.0
59a02159-6f29-4a81-8252-15d87151a734,user_1206,2026-09-06T07:49:22.650372+00:00,none,0,512.49,0.083,False,1,484.07
78bd0682-f7e5-45cd-a17b-23ba0fdb2999,user_1494,2026-09-06T09:19:17.653858+00:00,none,0,238.28,0.0,False,2,317.06
7609cf8c-106e-4406-9f0a-cf3b35da5fa3,user_1566,2026-09-12T00:21:55.652068+00:00,none,0,28.85,0.069,False,2,43.51
b127a4a3-012c-4e35-aea5-02337a0c2181,user_1514,2026-08-21T23:20:33.654079+00:00,impossible_travel,1,2630.69,0.099,False,1,1.15
340d6ac1-6ea8-4721-b1b8-ea474b39bd98,user_1270,2026-09-02T01:02:54.643026+00:00,none,0,589.31,0.057,False,2,58.76
baf1635e-8f4c-42d2-8709-4a4609b63826,user_1903,2026-09-07T19:11:35.639703+00:00,none,0,654.76,0.076,False,2,69.92
4506c2d2-27b4-475e-8b17-cb27ec441c37,user_1240,2026-09-01T00:53:37.636437+00:00,none,0,107.9,0.089,False,1,835.75
aad65e13-1c04-4d9e-87e5-a0772417cdf7,user_1324,2026-09-15T02:57:53.655197+00:00,device_takeover,1,712.82,0.902,False,2,2.6
67cf166b-4751-4696-8168-e57a233e5d7b,user_1539,2026-08-30T04:28:26.656372+00:00,token_replay,1,624.72,0.05,True,2,2.34
83d3a79b-90f0-4e15-9619-e93a6b319757,user_1200,2026-08-29T09:52:44.640947+00:00,none,0,96.28,0.03,False,2,481.73
c7b7c40d-c077-44c7-8204-8fa79a1ca4f0,user_1603,2026-09-09T14:15:17.642916+00:00,none,0,498.24,0.084,False,2,1390.68
c0b096a1-0b53-4291-a34f-b926fc1e1382,user_1290,2026-08-26T14:46:52.636785+00:00,none,0,597.47,0.062,False,1,1179.44
3d3c113c-da1c-49ce-9808-a861a852208d,user_1865,2026-09-03T11:39:40.657265+00:00,credential_stuffing,1,486.4,0.004,False,17,1.75
e4e0fb97-5301-4cec-92ab-0e202646fb6f,user_1042,2026-08-29T01:16:02.651870+00:00,none,0,461.04,0.034,False,2,675.94
5d70f294-d8c2-41d0-b07b-cafce95b3638,user_1788,2026-09-08T19:53:33.645064+00:00,none,0,681.73,0.096,False,2,983.09
50eadfa0-db3e-44d2-bf63-7d4e4f21aaa2,user_1896,2026-09-06T21:30:32.657297+00:00,credential_stuffing,1,128.77,0.033,False,21,1.67
cbcad5ee-e0b6-401e-9db1-703c2087adb0,user_1028,2026-08-22T23:23:11.649287+00:00,none,0,40.61,0.084,False,2,1166.71
8f57da0c-36fe-4c93-91ea-8175262f74ff,user_1130,2026-08-28T02:32:05.650856+00:00,none,0,640.04,0.013,False,1,1001.57
10a063d8-85df-4698-a377-acb6fff9375d,user_1625,2026-08-22T18:08:14.646747+00:00,none,0,515.05,0.056,False,2,1080.3
ebe3673a-3ba1-4d3e-9233-a8532bb932b9,user_1567,2026-09-09T11:13:23.636271+00:00,none,0,529.6,0.001,False,1,333.53
4ce51518-7e1e-4dcc-8408-c225838a91ef,user_1064,2026-09-02T12:58:00.648392+00:00,none,0,310.7,0.049,False,1,679.69
838800b9-b426-4191-8917-287bdd86cada,user_1716,2026-09-09T09:41:37.654109+00:00,impossible_travel,1,2995.98,0.043,False,1,2.55
6bc0ea45-8a92-4aa1-949a-5c3f0e206dad,user_1407,2026-09-10T08:04:29.649889+00:00,none,0,642.0,0.071,False,2,109.83
68286d5d-df0f-47d4-b918-8302364e982f,user_1773,2026-08-29T00:45:07.647139+00:00,none,0,511.01,0.009,False,2,144.57
edf845e4-35aa-410a-a256-cf3bce57b735,user_1720,2026-09-20T13:44:15.648314+00:00,none,0,774.34,0.007,False,2,766.87
23a6eb06-bc76-4dfa-9084-e2ef1a44b863,user_1254,2026-08-31T10:21:08.641921+00:00,none,0,824.27,0.032,False,1,825.15
f32246e2-02bd-41e0-962e-e4d8e8157cb0,user_1814,2026-09-16T06:55:18.653400+00:00,none,0,699.96,0.086,False,2,399.94
79db6d2a-79eb-4203-940f-e64c151074ff,user_1261,2026-09-07T23:37:07.653579+00:00,none,0,343.6,0.09,False,2,659.46
b459184b-ad07-4e57-a669-26013ff2e74c,user_1259,2026-09-02T22:53:54.656153+00:00,token_replay,1,412.88,0.083,True,2,3.55
856ee1de-7407-47e3-8643-049c89ee88fd,user_1091,2026-09-03T00:36:39.653642+00:00,none,0,818.32,0.078,False,1,1251.81
06536cb1-dd3e-4f29-a094-de5b19861e2f,user_1520,2026-09-16T17:59:23.636426+00:00,none,0,766.21,0.007,False,1,973.93
5e69e6f8-a8f2-469c-be1e-079ff1cf9c5b,user_1322,2026-09-16T02:43:40.654850+00:00,impossible_travel,1,9491.58,0.001,False,2,3.76
00dc16a8-3a4f-4774-8c0e-71b489e26584,user_1306,2026-08-31T00:58:14.637966+00:00,none,0,621.28,0.046,False,2,290.88
241b0508-9911-4ce0-bd12-23227f6ede32,user_1029,2026-09-16T16:41:41.639561+00:00,none,0,40.92,0.064,False,2,939.37
f5327970-6ab0-4e93-b02a-2dc781b0b49c,user_1626,2026-08-26T20:38:22.647320+00:00,none,0,363.78,0.013,False,2,94.56
ed0e0360-6f59-45ed-8399-b8956c5cdf72,user_1864,2026-09-04T22:19:05.642631+00:00,none,0,53.6,0.015,False,1,1116.22
dd10d702-a917-45cc-8860-3e3a781d41a1,user_1743,2026-09-13T08:28:36.657348+00:00,credential_stuffing,1,342.98,0.1,False,12,4.78
8b0e0114-3b29-4263-9054-6bdbf56261a4,user_1135,2026-09-12T05:31:58.643218+00:00,none,0,541.03,0.001,False,2,877.97
4dac1737-f600-4d92-bc31-9688dea06ba2,user_1053,2026-09-05T00:35:20.654142+00:00,impossible_travel,1,2907.8,0.047,False,1,2.15
41e5d57c-6539-4841-b5f5-8d5e53c954e4,user_1439,2026-09-09T11:57:19.644822+00:00,none,0,844.58,0.048,False,2,507.99
f42ef1c7-8c80-43cc-864b-c95cf50a96de,user_1831,2026-08-25T13:47:08.641065+00:00,none,0,534.44,0.091,False,1,1108.45
f19cc877-95c2-4268-81e2-102e948eb1d7,user_1703,2026-08-28T14:06:57.642927+00:00,none,0,515.44,0.024,False,2,118.3
8c0e42af-f456-43dd-9b3a-0833a6a4858b,user_1953,2026-08-28T12:36:14.653041+00:00,none,0,888.18,0.086,False,1,1058.69
8ac88350-111e-4f1b-8fdd-9a01f2cec439,user_1753,2026-09-04T19:12:56.642060+00:00,none,0,286.25,0.027,False,1,1359.0
47f0d687-2813-4cc1-8787-a04b82ed3afd,user_1957,2026-08-28T13:05:46.639994+00:00,none,0,429.7,0.02,False,2,465.88
92edc180-ba63-4585-a369-8e6938a363d0,user_1531,2026-08-22T12:20:20.655384+00:00,device_takeover,1,285.72,0.751,False,2,1.21
827b5867-e8a4-4982-b6df-d7754834e6f9,user_1746,2026-08-31T05:34:09.640269+00:00,none,0,337.01,0.089,False,2,1252.91
405827ea-d326-417b-b89d-6ae35f52cd96,user_1379,2026-08-25T09:57:23.638168+00:00,none,0,377.21,0.074,False,1,1275.57
852c00ef-279a-4de6-8ce9-6d03aa5a207f,user_1315,2026-08-30T00:11:33.648659+00:00,none,0,786.87,0.009,False,2,1069.09
9a8e1092-d3ed-4703-b364-f4457befd3ae,user_1530,2026-08-26T19:06:02.655570+00:00,device_takeover,1,684.86,0.765,False,2,0.57
3c127165-4ecb-49c7-b1af-059d054b2899,user_1087,2026-09-05T10:34:03.651987+00:00,none,0,761.22,0.043,False,2,305.75
9a38b1cd-72c5-446d-bbfd-2626af46587c,user_1256,2026-09-11T02:37:05.639528+00:00,none,0,571.55,0.055,False,1,901.91
7b6e6516-f84f-48d2-967d-9705960f6190,user_1960,2026-08-25T16:17:03.657121+00:00,credential_stuffing,1,417.15,0.057,False,28,3.85
39aa728d-3ff6-4495-88aa-8d5b60561d27,user_1510,2026-09-02T14:37:02.645624+00:00,none,0,417.32,0.079,False,2,120.12
ef283901-9747-4420-93a6-ef9a42dba902,user_1140,2026-08-31T06:52:56.642227+00:00,none,0,179.51,0.088,False,1,910.13
7747f86f-5945-41b3-ab21-196b4a302f59,user_1275,2026-09-15T08:41:15.653944+00:00,impossible_travel,1,9904.32,0.066,False,2,0.81
34f6f8bf-7720-4026-b679-5670ffa9615e,user_1581,2026-09-11T06:16:37.640083+00:00,none,0,157.95,0.086,False,2,1191.73
b9686e18-7189-40c0-97b7-f689adc87f3d,user_1847,2026-09-14T13:21:47.657436+00:00,credential_stuffing,1,833.15,0.024,False,23,3.37
45cd6f67-80ad-446a-81a0-997bef2a06d8,user_1344,2026-09-02T15:19:49.652958+00:00,none,0,613.67,0.034,False,2,1177.18
408bed7a-2078-4855-b497-26b0ef4aff37,user_1490,2026-08-29T05:56:27.647181+00:00,none,0,761.19,0.028,False,2,872.37
2055cec9-d019-4e18-9cad-55fca3914fd3,user_1334,2026-08-31T11:13:48.638055+00:00,none,0,158.08,0.013,False,2,766.77
3771c309-03b6-48e1-9e5a-f43040d949c5,user_1369,2026-09-08T11:36:06.641568+00:00,none,0,74.18,0.066,False,1,79.31
aba555dc-cc16-450e-8b1a-b282edd86fbf,user_1910,2026-09-02T07:59:34.651850+00:00,none,0,514.23,0.094,False,2,370.25
3780ac6f-cadb-4874-a915-aa21b96dee0f,user_1785,2026-09-15T01:19:06.654059+00:00,impossible_travel,1,8777.5,0.099,False,1,3.33
d504f9ef-409a-4078-9eb3-3f8aee42742f,user_1451,2026-09-04T02:22:30.637305+00:00,none,0,165.93,0.005,False,2,168.72
ef3fc95d-835b-4110-84a0-f27d6398172d,user_1726,2026-08-27T00:52:01.643114+00:00,none,0,363.05,0.078,False,1,254.31
82ec5498-7595-46be-80c3-57bd1af54a10,user_1121,2026-08-24T22:10:31.655985+00:00,device_takeover,1,75.66,0.829,False,1,1.98
9e7675ea-0b22-4183-abf6-922f26be0229,user_1826,2026-09-02T06:47:59.655476+00:00,device_takeover,1,693.35,0.898,False,2,0.41
fbb347b3-d282-420c-86e4-5871f67dfec7,user_1087,2026-09-17T16:37:15.651488+00:00,none,0,825.04,0.038,False,1,1128.1
8ef2f9d6-aa76-4a52-b23b-8684cb60cce5,user_1355,2026-09-16T22:00:32.649416+00:00,none,0,586.38,0.03,False,2,626.23
58e80516-51bc-4e16-87b9-02e4ae88b77f,user_1531,2026-08-30T00:47:09.641602+00:00,none,0,8.36,0.07,False,1,1423.0
b623873b-dd42-4320-86d6-204caff07aa0,user_1489,2026-08-26T03:06:04.639877+00:00,none,0,339.14,0.096,False,2,1313.9
960cc68f-b189-4922-bd1b-d8a71386b418,user_1109,2026-09-14T19:39:28.645151+00:00,none,0,828.17,0.068,False,2,885.84
428dcaf5-4823-454b-a91b-68fec6f3e4d9,user_1026,2026-09-14T05:45:52.638274+00:00,none,0,13.37,0.079,False,1,850.0
ac0fbcd7-0199-4280-a56d-c776900aacce,user_1669,2026-09-19T16:19:32.643547+00:00,none,0,43.41,0.012,False,2,550.66
75bae1f8-13f0-401a-8966-7980b7c51724,user_1135,2026-09-08T12:25:52.641445+00:00,none,0,131.62,0.032,False,1,1097.71
faa3dcbd-4691-4092-aba6-3bb7c281a590,user_1729,2026-08-29T17:22:58.655133+00:00,device_takeover,1,784.16,0.857,False,2,0.92
a323bc98-b195-44cf-96bb-49db16f6af16,user_1527,2026-09-13T20:28:11.639776+00:00,none,0,295.17,0.061,False,1,568.89
f4e4afc1-3f1e-4e6a-8b65-d2b867358488,user_1497,2026-09-19T16:07:51.649537+00:00,none,0,49.79,0.09,False,2,868.3
bc378deb-3e11-4863-8aa9-529d06e60e70,user_1629,2026-09-03T12:15:57.639118+00:00,none,0,216.51,0.042,False,1,756.2
01010d2d-9c72-424c-93b7-93dfde3f94dd,user_1167,2026-08-23T14:53:21.653324+00:00,none,0,123.8,0.07,False,2,1292.51
44565d75-f438-421a-b864-e021a0f85aa3,user_1873,2026-09-09T01:18:52.656080+00:00,token_replay,1,153.21,0.068,True,1,0.94
1be27fb5-0414-44cd-ab38-745f0492f1ed,user_1610,2026-08-30T13:01:22.636682+00:00,none,0,311.12,0.079,False,2,874.91
ec701bf3-3fc4-42fe-8b4d-dbdf9ebd7d49,user_1996,2026-09-01T15:21:22.655395+00:00,device_takeover,1,173.39,0.893,False,1,4.01
e47ff951-4005-4707-89e9-c73038280caf,user_1993,2026-09-15T03:23:59.653848+00:00,none,0,304.16,0.068,False,1,421.24
245c058e-a387-4d9c-85ef-aff232d89579,user_1455,2026-09-13T20:23:00.653535+00:00,none,0,519.36,0.07,False,2,874.86
f4a5c8a3-64b3-4ab8-a31d-63f930a9d096,user_1951,2026-09-12T23:15:44.641544+00:00,none,0,397.16,0.0,False,2,295.33
9e7cdd2c-60ce-42af-a4b9-3465b602f101,user_1493,2026-09-10T23:11:52.655591+00:00,device_takeover,1,857.91,0.805,False,2,2.34
e477e703-389c-4fcf-a131-97785b448e79,user_1805,2026-09-07T05:35:41.657225+00:00,credential_stuffing,1,233.59,0.049,False,17,3.15
33cfa0b9-7b83-4e65-b8d2-21a7e3a91c80,user_1007,2026-09-13T17:04:41.652141+00:00,none,0,401.16,0.082,False,1,759.6
f69b93f9-52ef-4296-aac3-ac585d6f501b,user_1903,2026-09-15T22:46:31.652351+00:00,none,0,717.23,0.083,False,1,1043.96
58622f97-638b-4665-af5a-dad10c436f22,user_1024,2026-09-05T20:11:12.646215+00:00,none,0,152.33,0.035,False,2,899.27
a8883fe5-f5b0-4e59-ae94-5aad4456315f,user_1611,2026-08-22T14:33:17.640891+00:00,none,0,705.99,0.086,False,1,423.8
10812a0f-42be-45fc-916b-26fbfbd0a363,user_1143,2026-08-26T00:48:09.654719+00:00,impossible_travel,1,7287.08,0.03,False,2,3.61
b10812d0-9f3d-46a4-9a5c-84b478f21b5a,user_1691,2026-08-29T05:10:09.652237+00:00,none,0,343.04,0.075,False,1,574.23
08441fa9-47f8-488a-8f0b-5de2bcffed45,user_1572,2026-08-24T16:48:28.644897+00:00,none,0,435.38,0.099,False,2,1115.97
2733a578-eebd-4dff-9c9a-c198d924bd55,user_1505,2026-09-11T03:38:33.641973+00:00,none,0,659.22,0.055,False,1,221.06
ba2f103f-7c99-4bc9-8a5a-829d1c12da3e,user_1209,2026-09-01T16:12:08.652048+00:00,none,0,57.34,0.039,False,2,160.9
ca1c9023-21a1-4182-8fb3-e2d54e905542,user_1529,2026-09-08T23:21:15.643284+00:00,none,0,809.72,0.081,False,2,952.86
564f05d3-fbf2-4d3e-a586-5e36dbd6d06c,user_1001,2026-09-05T13:13:09.653171+00:00,none,0,55.7,0.054,False,2,1411.08
a0cfbe6c-82c4-41b4-b7c1-a2a5a5ed4988,user_1771,2026-08-23T06:45:54.655860+00:00,device_takeover,1,799.02,0.99,False,2,3.18
e2217802-3202-4982-b027-b3bf3fc190a9,user_1153,2026-09-05T23:58:44.654555+00:00,impossible_travel,1,6622.82,0.029,False,1,1.36
1857c27b-cfd7-4550-b741-5516cc58f8ed,user_1601,2026-09-15T02:14:10.641246+00:00,none,0,313.13,0.085,False,1,1172.71
86d74390-f655-4ff8-946a-2628f101a3d7,user_1869,2026-08-27T00:25:14.644536+00:00,none,0,568.46,0.081,False,2,1108.8
a6b8d6e5-86a2-4c93-ae97-43fe419bd45d,user_1563,2026-09-08T12:13:37.642134+00:00,none,0,85.25,0.01,False,1,179.29
6ab16590-ba26-4ab9-873c-a258cf2040b8,user_1910,2026-09-18T09:34:10.647043+00:00,none,0,92.79,0.077,False,2,37.26
c61f04c8-90b0-4192-9902-1ba5a16f2797,user_1503,2026-09-15T17:45:54.650479+00:00,none,0,714.13,0.094,False,2,440.74
1badf4f0-db61-46fb-b945-9d89d889015d,user_1325,2026-08-26T12:39:17.655415+00:00,device_takeover,1,142.6,0.769,False,1,2.52
a956ae3a-8335-45b0-81f7-0be41824d079,user_1483,2026-09-13T21:37:16.639061+00:00,none,0,682.96,0.047,False,1,1304.91
86b031e7-b82e-49d5-98dc-551bc5e5768d,user_1063,2026-09-09T20:20:30.642144+00:00,none,0,117.64,0.082,False,2,989.82
ca9c34c9-c7cf-4276-80bb-07542a3cecfe,user_1161,2026-09-07T08:30:58.647073+00:00,none,0,103.01,0.096,False,1,301.44
a6edeadd-5f62-48d1-8d1e-3a0ab1aced3e,user_1724,2026-08-30T09:18:03.638814+00:00,none,0,891.89,0.052,False,1,527.19
53732187-ba3b-497f-ba9b-3624497044f4,user_1714,2026-08-25T11:00:38.645486+00:00,none,0,159.33,0.06,False,2,756.16
4c5d0ae8-09db-424e-a58f-f26e2d527555,user_1987,2026-09-11T05:53:06.644138+00:00,none,0,264.76,0.018,False,1,273.31
4581e0db-a19d-4fd6-b1de-17c279b51c60,user_1779,2026-09-07T13:01:32.640869+00:00,none,0,92.01,0.009,False,2,649.09
512a1fc3-8fdb-45b5-9692-583977c7ec85,user_1303,2026-08-30T23:06:51.648324+00:00,none,0,677.6,0.07,False,1,1135.34
c84e03c8-d946-43a1-9a4f-4918b6049712,user_1037,2026-09-05T00:49:05.658140+00:00,credential_stuffing,1,620.1,0.06,False,10,1.34
272d4d1f-f18e-4a41-a7ce-23373a6f6db1,user_1717,2026-09-17T13:02:26.640248+00:00,none,0,487.05,0.006,False,1,1420.11
ab1ccf13-c5fa-4fe8-a887-cd6dcad37cfe,user_1767,2026-09-08T21:36:45.647664+00:00,none,0,660.88,0.059,False,1,751.13
800dd5e0-4d8c-49dd-a9ad-906ca0e308ca,user_1481,2026-09-08T00:08:36.650003+00:00,none,0,147.2,0.047,False,1,1433.11
27e72bda-1650-46ca-b5a6-47c332d7d8c8,user_1012,2026-08-23T02:45:02.642992+00:00,none,0,470.31,0.042,False,2,219.74
ff8feaa0-8229-44b9-bdfa-2dec4ec9171e,user_1495,2026-09-03T05:17:57.644599+00:00,none,0,36.38,0.076,False,1,95.21
2e8bbbbc-3c62-415b-af95-826d2552c596,user_1647,2026-09-17T12:27:02.655643+00:00,device_takeover,1,404.46,0.967,False,2,2.93
e4e41585-8ef6-4e65-ac74-3a501754fb10,user_1712,2026-09-10T11:45:51.646789+00:00,none,0,550.85,0.011,False,1,699.06
36256c9c-c67b-456e-9db2-20d4415abbf6,user_1307,2026-08-27T00:29:09.636730+00:00,none,0,278.36,0.041,False,2,1005.49
92f2018a-6c11-4dda-85b0-39109d26794a,user_1991,2026-08-23T06:49:16.651794+00:00,none,0,797.25,0.021,False,1,1130.99
cb672c95-b17f-4877-b401-1d143d0112bc,user_1241,2026-09-01T21:24:36.639036+00:00,none,0,895.07,0.037,False,1,462.31
5107d9dc-82e6-4967-9ea3-fa9137b748c3,user_1826,2026-08-25T23:03:56.636504+00:00,none,0,7.04,0.082,False,2,1342.07
acd92fd3-da6e-4c03-a385-f7316ce22e9f,user_1987,2026-09-19T03:01:59.638320+00:00,none,0,54.74,0.048,False,2,616.7
7c34336c-a7f1-4ee5-8c07-59c07903a7bf,user_1213,2026-08-22T23:19:01.655920+00:00,device_takeover,1,685.44,0.854,False,2,3.8
d1b706e2-86da-4755-8ee0-13d5551982f8,user_1350,2026-09-11T18:16:05.643683+00:00,none,0,102.45,0.04,False,2,395.08
20a9e36b-156a-4170-817e-cbd109a5b101,user_1350,2026-08-25T02:52:19.639888+00:00,none,0,318.86,0.077,False,2,880.46
9e3f57c8-79c4-46cd-b0fd-0fdf12957fcf,user_1366,2026-09-01T20:43:43.651288+00:00,none,0,159.47,0.077,False,1,184.04
5816020b-f9fe-4840-8132-8a4625bbef9b,user_1910,2026-09-04T13:06:28.643050+00:00,none,0,621.46,0.005,False,2,1326.4
45e6c061-3d08-4d4a-b3dc-13365bfb0295,user_1683,2026-08-28T13:03:59.651625+00:00,none,0,625.3,0.098,False,2,1227.63
4b476a82-970f-44e9-a14f-f58788deac9f,user_1635,2026-08-31T23:58:49.656047+00:00,token_replay,1,352.72,0.01,True,2,2.48
2be6a050-d362-4fad-a7c8-f2671a051c3f,user_1528,2026-08-23T08:49:02.650803+00:00,none,0,173.3,0.078,False,2,145.61
3eb282f9-b5da-4ab0-9905-c3ec720226db,user_1094,2026-09-04T19:04:54.648606+00:00,none,0,49.53,0.064,False,1,1126.14
a2b9112c-150e-4b76-87b3-4de5eb798de5,user_1480,2026-08-23T18:36:30.647496+00:00,none,0,660.43,0.042,False,2,420.01
b89c64b2-56a1-4c60-ac3b-3f581c1f8ec3,user_1579,2026-08-29T16:16:19.650929+00:00,none,0,810.26,0.078,False,2,1202.45
2032aae7-b310-425e-a199-5bbb15aa3b46,user_1369,2026-09-08T10:04:29.640936+00:00,none,0,849.8,0.072,False,2,857.11
0a2c66f7-65b8-47bb-b741-ba0d255f10a3,user_1212,2026-09-14T22:37:53.653483+00:00,none,0,162.6,0.06,False,1,12.64
6c87dbca-fcfd-40a6-8334-bda0950819ce,user_1780,2026-08-27T01:54:50.650579+00:00,none,0,448.55,0.087,False,1,933.58
f6f29fbf-ed7b-457f-91ca-22702e0cc017,user_1576,2026-09-15T17:39:50.643015+00:00,none,0,707.17,0.087,False,2,1264.78
381c4c12-06fc-465d-8336-ee0d8f706291,user_1119,2026-09-03T11:12:40.657718+00:00,credential_stuffing,1,723.28,0.074,False,17,3.64
2597aeda-16ec-486b-96ec-9bdfdfdf99b9,user_1419,2026-09-09T21:28:53.657912+00:00,credential_stuffing,1,515.26,0.017,False,16,3.9
26545b5d-69be-4c2d-82b2-fec389a97632,user_1846,2026-09-06T00:33:06.648834+00:00,none,0,244.31,0.07,False,2,142.52
807c8413-5d7b-47f1-a591-67d9ad94ae78,user_1978,2026-08-31T22:32:32.647263+00:00,none,0,62.65,0.011,False,2,474.83
2855ce3c-9158-48ba-84bb-164886f28aa7,user_1154,2026-09-20T04:40:32.640623+00:00,none,0,196.85,0.046,False,1,891.59
57987978-96b7-45da-b452-c2700537ac2a,user_1963,2026-09-03T02:29:07.652968+00:00,none,0,598.57,0.038,False,1,1404.56
ccc58bb6-16c7-4381-b7f3-54f394ababb1,user_1075,2026-08-29T20:07:32.641044+00:00,none,0,891.63,0.048,False,2,771.82
97229b1d-6b4c-4e3e-a6c7-86b005210664,user_1832,2026-09-09T07:51:47.638249+00:00,none,0,295.7,0.015,False,1,402.89
dc2ee542-8e7c-4e79-94f9-7d0b6a9b9efd,user_1675,2026-08-26T04:21:40.652088+00:00,none,0,62.98,0.006,False,1,251.57
bf575d39-76df-4743-93db-d35893e2e7d7,user_1697,2026-09-13T20:17:48.643297+00:00,none,0,649.15,0.066,False,2,377.28
7922445c-a585-4894-bc3c-7b36b61c2a76,user_1248,2026-08-28T10:44:08.652771+00:00,none,0,31.06,0.081,False,1,1005.87
40abc0fe-3a78-4591-8c3e-811101045e38,user_1026,2026-09-10T14:12:31.642858+00:00,none,0,153.75,0.029,False,1,684.57
90df5789-e67f-4c04-80a5-f891f9f39dd4,user_1660,2026-09-17T15:41:39.647274+00:00,none,0,81.48,0.082,False,1,1091.41
cc2639c2-ad9c-4713-ad2a-fa6a4a796bb3,user_1583,2026-08-29T17:14:58.652058+00:00,none,0,575.1,0.03,False,1,154.69
2ad3012e-76e3-44b1-84fc-9a6d7b574151,user_1792,2026-09-10T06:57:33.644285+00:00,none,0,778.46,0.042,False,1,300.01
6c980ea8-699e-4503-9f35-6138e065a69b,user_1663,2026-09-13T02:39:25.650200+00:00,none,0,837.6,0.053,False,1,422.16
248a32da-370c-4b11-8296-775318c74c77,user_1710,2026-08-27T14:03:47.637628+00:00,none,0,259.4,0.095,False,1,657.68
908bd82f-c2a9-47eb-b37c-2c08ceadb098,user_1916,2026-08-27T21:37:38.651267+00:00,none,0,686.22,0.054,False,1,777.96
099a2eaf-5c50-4723-a3e0-1a9cbd48b005,user_1238,2026-08-27T02:32:41.635926+00:00,none,0,541.82,0.056,False,2,321.33
10cba5fe-8cec-4433-9b72-f7234c84969f,user_1997,2026-08-29T04:33:44.649805+00:00,none,0,178.44,0.07,False,1,76.44
f427bcbf-d88c-4285-b50a-197e32386694,user_1572,2026-09-13T22:41:31.656764+00:00,token_replay,1,721.44,0.044,True,2,4.37
b8767065-d8e3-4904-8cf6-4a59a9171520,user_1393,2026-09-16T09:41:40.654184+00:00,impossible_travel,1,8984.74,0.013,False,1,0.21
de3db202-c832-4606-9852-1520608ed58e,user_1630,2026-08-23T03:37:09.639963+00:00,none,0,215.35,0.005,False,1,920.45
f02e2b9c-edf6-4d4c-bea1-09452249b77e,user_1050,2026-08-27T15:51:04.655726+00:00,device_takeover,1,448.79,0.997,False,2,0.6
fa2b1d0e-6b54-48a7-ab52-1a7ef0555d0e,user_1220,2026-08-27T14:34:47.653248+00:00,none,0,262.35,0.097,False,1,1412.94
4d3701db-7065-4c5a-beb3-667f93527660,user_1640,2026-09-05T19:22:56.641580+00:00,none,0,653.39,0.076,False,2,945.62
e1ccef13-3e61-4d92-b4ff-62ff0197040d,user_1016,2026-08-26T14:52:12.639107+00:00,none,0,517.54,0.072,False,2,620.96
ecd452c1-18c6-401d-8c9c-33e0cb89d11f,user_1296,2026-09-09T06:30:30.640382+00:00,none,0,734.21,0.073,False,2,833.68
ab83acaf-c654-4c5a-b427-d97b77dce35d,user_1385,2026-09-09T19:37:47.644655+00:00,none,0,464.73,0.035,False,2,703.65
0f285b90-a6f8-4fc9-acec-710717ed7a68,user_1540,2026-09-19T00:46:23.647573+00:00,none,0,308.56,0.008,False,1,859.61
b88f60e1-9d08-4f24-8adc-62e41d0e2117,user_1673,2026-09-03T09:42:40.641076+00:00,none,0,149.7,0.061,False,2,1392.37
1bba2ecf-f7ed-4e25-ac75-350db15fb9f1,user_1179,2026-08-29T02:00:05.639198+00:00,none,0,882.74,0.048,False,1,1169.5
7ba09272-5551-431e-bc62-875163b40150,user_1311,2026-08-27T17:22:37.638157+00:00,none,0,104.51,0.023,False,1,562.71
8dd395e9-f1dc-4ac1-9a69-cb8dd9300a46,user_1839,2026-09-17T08:29:20.646769+00:00,none,0,682.6,0.084,False,1,425.21
85f6a536-a1de-479e-a5e7-b2c9c10fb510,user_1317,2026-09-01T14:39:44.638859+00:00,none,0,116.06,0.071,False,1,449.25
86159168-1d11-49f0-9f99-e13e170abf08,user_1003,2026-09-08T08:25:50.646683+00:00,none,0,10.99,0.05,False,2,784.92
eacaa2bb-a6f5-48cf-a589-374bf2f0c6cb,user_1448,2026-08-29T16:11:13.641141+00:00,none,0,287.02,0.03,False,1,37.41
0975fe1b-3fd7-4411-a718-fb7fe98e3b0c,user_1997,2026-08-30T03:03:54.643082+00:00,none,0,696.63,0.032,False,2,873.15
33911ecf-2c87-4b35-8cf3-53ace0a7a6dc,user_1679,2026-09-03T07:34:34.645466+00:00,none,0,774.33,0.033,False,2,675.42
4dfd178c-1ba1-4881-b03a-bfc1df240d42,user_1788,2026-08-29T03:23:47.650350+00:00,none,0,133.35,0.042,False,1,243.36
f1abb89f-8e40-4e2e-a9f1-3eb2d2893771,user_1177,2026-08-27T04:56:40.654743+00:00,impossible_travel,1,2443.14,0.04,False,2,3.4
cf129e84-da1e-41db-a0d6-a0ec017880bc,user_1432,2026-09-14T05:19:52.641613+00:00,none,0,429.93,0.023,False,1,1053.65
b56cbe0a-fbac-4c0c-99fd-237371cb75c5,user_1957,2026-08-24T18:21:25.644010+00:00,none,0,569.32,0.02,False,2,990.29
89597afd-046d-4308-a0e1-57974a32834f,user_1787,2026-08-21T20:07:17.640811+00:00,none,0,859.37,0.04,False,2,47.51
8676f8de-83ce-4f08-90c2-81ceb241c89b,user_1323,2026-09-05T14:03:42.639224+00:00,none,0,463.85,0.099,False,2,368.51
6703dab0-4002-4cf3-966d-ab50f4188d86,user_1631,2026-09-14T14:47:25.652479+00:00,none,0,277.96,0.074,False,1,894.36
45e39d62-c768-40c8-ab57-4f18bd662493,user_1426,2026-08-24T17:32:20.656350+00:00,token_replay,1,179.57,0.03,True,2,2.83
7eec951b-ccc5-4f26-858e-dfc3853eac2e,user_1687,2026-09-20T02:15:54.652288+00:00,none,0,609.64,0.015,False,2,260.34
49fa7a26-70c7-4c54-bec3-2434f4394adb,user_1789,2026-09-12T14:27:33.638933+00:00,none,0,649.06,0.004,False,2,975.58
68f0bcc5-5cd7-48eb-bef3-bf6e065a4e3d,user_1553,2026-09-04T12:49:59.640790+00:00,none,0,345.46,0.074,False,1,723.64
89e1ebc0-c22f-4f36-8d14-b5a9cdc32def,user_1129,2026-08-26T22:25:02.651563+00:00,none,0,230.66,0.042,False,2,271.8
c5ccb835-5019-4e62-bcc3-7710e6b745c0,user_1553,2026-09-06T20:31:35.650728+00:00,none,0,192.36,0.051,False,2,753.12
89760a34-74c8-4bed-be83-1affffc4a372,user_1147,2026-09-06T04:03:55.644379+00:00,none,0,609.56,0.091,False,2,1378.86
c89f38b9-9eea-4231-84d3-1428dddfd34a,user_1460,2026-09-08T14:28:47.639639+00:00,none,0,126.79,0.005,False,2,1245.08
020e4799-400d-4007-b825-d706d609a61c,user_1331,2026-09-12T16:15:34.646624+00:00,none,0,646.54,0.012,False,1,1018.44
c4e9dc8a-3fcd-4b85-b538-ed976a2dafd3,user_1484,2026-09-08T22:34:41.640437+00:00,none,0,764.41,0.03,False,1,1161.29
d16cee4f-91cf-46a7-b8b0-dc77beb662ae,user_1192,2026-09-13T18:16:19.653555+00:00,none,0,269.74,0.083,False,1,869.08
223dcda1-eeb9-4d85-a96e-52feaddd80be,user_1064,2026-09-12T12:30:56.640925+00:00,none,0,391.21,0.042,False,2,1128.13
9a2c23d1-107c-452e-9c40-274ca6644e0d,user_1058,2026-08-25T03:15:29.656816+00:00,token_replay,1,627.77,0.011,True,2,4.68
bdefe90c-cd53-4851-bc5c-1bdc36f4c536,user_1728,2026-09-08T14:07:49.642114+00:00,none,0,871.56,0.04,False,1,976.76
9d446bbd-a8d6-406f-b986-73d39cdb5165,user_1070,2026-09-09T11:34:26.644768+00:00,none,0,340.39,0.013,False,1,295.37
1cb48f5b-4e88-49a2-bf1e-932019cb78fd,user_1407,2026-09-13T22:27:53.644908+00:00,none,0,769.5,0.066,False,1,645.86
44ad271f-8497-44b9-8aba-b7afc3d0623e,user_1002,2026-08-22T02:02:18.651257+00:00,none,0,428.88,0.09,False,1,597.89
033a88c0-094a-467e-b959-0828610ed965,user_1878,2026-09-16T00:13:18.640735+00:00,none,0,805.31,0.092,False,1,308.38
9598956e-0d17-42be-a49d-4c91b3217dfa,user_1631,2026-09-10T22:43:29.654099+00:00,impossible_travel,1,1818.42,0.005,False,2,2.62
837baa64-13f2-4fce-abfa-c0a6d80e7b18,user_1133,2026-09-12T19:49:50.644157+00:00,none,0,525.59,0.026,False,2,674.19
9ba3bd92-6660-4390-b22b-abe931287f9f,user_1591,2026-08-30T19:23:08.655405+00:00,device_takeover,1,115.98,0.891,False,1,2.02
f373b132-081e-4221-b056-4df6cf7a74c9,user_1102,2026-09-08T14:33:07.642284+00:00,none,0,591.18,0.027,False,1,1101.41
443c7e1d-99ab-4f73-9e80-d017b1fa7383,user_1089,2026-09-18T06:12:02.646737+00:00,none,0,98.0,0.099,False,1,969.45
417d8249-ab6f-4da8-a441-e2a3175b2ee2,user_1673,2026-09-13T14:51:17.651605+00:00,none,0,51.59,0.051,False,1,610.66
4859d745-e84b-4d8f-b34f-13af8a3cadd1,user_1785,2026-09-09T03:46:41.654029+00:00,impossible_travel,1,1468.36,0.083,False,2,4.88
17c0de73-68fd-4c83-ba6a-ad240efc719a,user_1411,2026-08-24T14:26:36.657507+00:00,credential_stuffing,1,217.29,0.029,False,20,4.49
200d22d1-88fa-4031-a9b3-646919703a7a,user_1180,2026-08-22T05:27:30.652590+00:00,none,0,224.07,0.029,False,2,1393.69
f9c108f1-90da-42e1-ad36-5ead735af6ec,user_1965,2026-08-24T09:14:21.638136+00:00,none,0,295.21,0.061,False,1,916.8
84b1779f-5b74-47a7-88af-cc5dfd69d48f,user_1919,2026-09-04T07:06:42.657516+00:00,credential_stuffing,1,532.33,0.062,False,11,0.37
72041b6d-5cbd-4934-b236-93c543ce06d9,user_1820,2026-09-01T05:01:05.649131+00:00,none,0,320.49,0.067,False,2,1422.1
bcec4e67-9309-4863-9b1e-399d7a3fd73c,user_1716,2026-09-06T07:21:27.637991+00:00,none,0,19.75,0.083,False,2,398.88
877fe755-c7b2-45fc-be83-156a673cb8a8,user_1520,2026-09-09T18:03:57.639437+00:00,none,0,109.23,0.02,False,1,344.72
0aca6efd-8b09-4c59-9089-b38231b9ceeb,user_1746,2026-09-20T13:13:54.642694+00:00,none,0,853.91,0.095,False,2,1225.84
7bb69431-10fe-4425-bc35-ea9ed73e72d9,user_1856,2026-08-26T06:08:00.652308+00:00,none,0,576.91,0.072,False,1,565.54
ca82f805-3917-4d35-9b93-baca1070a2f8,user_1783,2026-09-17T18:07:47.656837+00:00,token_replay,1,125.36,0.055,True,2,4.62
ef87c233-7772-45aa-a12c-6bfd663354b0,user_1158,2026-09-08T19:16:06.654483+00:00,impossible_travel,1,1502.88,0.069,False,1,0.11
d1aa2edc-2991-4ea0-9ae0-1424c23a55d6,user_1158,2026-08-29T19:45:21.645805+00:00,none,0,266.11,0.026,False,2,656.6
c3cfcd81-0a68-4498-b123-d29bbd752d86,user_1064,2026-08-29T10:05:27.639210+00:00,none,0,33.29,0.02,False,1,1276.11
28b0e871-446a-4ef3-a933-fd09d7ce4d7f,user_1704,2026-08-22T16:45:17.653390+00:00,none,0,859.1,0.065,False,2,1118.34
d7123395-f766-4431-b5a6-ce90cb24f7ce,user_1105,2026-09-18T22:42:37.647788+00:00,none,0,65.63,0.057,False,2,1120.34
ae95d356-8c19-4ce1-9d58-a22397c7e08a,user_1025,2026-09-14T07:13:36.655456+00:00,device_takeover,1,885.07,0.89,False,2,0.93
820092c4-0c6a-4759-acb1-5b81e7dd6a77,user_1557,2026-08-31T01:10:53.640313+00:00,none,0,478.74,0.082,False,1,666.0
4572e6cf-7fb0-4609-ae1b-a8b955397ab7,user_1869,2026-09-13T20:58:21.654668+00:00,impossible_travel,1,3652.28,0.014,False,2,1.21
88a518e5-c813-4698-9419-dd34006d5d78,user_1074,2026-09-06T12:41:29.644443+00:00,none,0,604.52,0.025,False,1,1046.22
0371213e-56fe-47cd-9e95-3362b00df2f0,user_1513,2026-08-26T20:39:11.644568+00:00,none,0,81.5,0.036,False,1,955.94
faf716b8-b16f-4a44-83dc-7a669039a37f,user_1588,2026-09-20T09:54:25.645032+00:00,none,0,235.0,0.041,False,1,806.64
289c935a-fe0a-4cdf-8ae4-80fefd608a36,user_1577,2026-09-05T21:14:46.641963+00:00,none,0,665.62,0.024,False,2,854.08
3a05316e-0c8c-4176-92e6-cd02f2e50f4c,user_1721,2026-09-10T13:49:48.639910+00:00,none,0,621.22,0.049,False,2,505.53
f20ecb20-e43b-46d9-8a22-1f052b2c6a8f,user_1324,2026-08-24T12:48:03.645764+00:00,none,0,709.71,0.076,False,2,1057.13
6e26172d-18ab-4ed5-8bd9-37c3389e8fcf,user_1616,2026-09-02T02:58:25.650129+00:00,none,0,83.3,0.026,False,1,1389.85
d091a77c-95a0-4f29-9444-690ea82cb884,user_1207,2026-08-30T22:45:14.647976+00:00,none,0,303.61,0.084,False,2,470.28
72135acc-0387-4ca8-84e5-2946c6c6bc5e,user_1729,2026-09-03T22:28:33.657338+00:00,credential_stuffing,1,845.95,0.038,False,28,0.16
a39a665e-afe8-4130-b07d-be06b2e7550c,user_1252,2026-08-24T09:17:06.636091+00:00,none,0,485.08,0.075,False,2,1293.38
a975e0e0-1fc8-491b-ba01-2fcc19f07416,user_1848,2026-08-30T12:14:15.644296+00:00,none,0,581.91,0.094,False,1,39.09
91e8df00-8e07-4221-94bf-d3559d2319f2,user_1700,2026-09-03T13:19:04.646352+00:00,none,0,319.84,0.03,False,2,1170.07
5f3eddbf-699e-46cd-a62c-8b1cf497cfcd,user_1785,2026-08-24T19:09:28.657943+00:00,credential_stuffing,1,57.12,0.005,False,16,1.81
5879c5ed-9831-4467-9f43-45a7d1da1341,user_1127,2026-08-25T20:07:07.653630+00:00,none,0,98.99,0.055,False,1,477.63
6c0e8739-9944-4bc0-8235-79688b806a3c,user_1089,2026-09-02T02:01:22.646383+00:00,none,0,468.65,0.068,False,1,603.87
4348b58e-6460-4fe4-acca-588e092f2c7f,user_1033,2026-08-29T19:21:00.641378+00:00,none,0,236.53,0.086,False,1,635.07
64264842-8392-4e7e-bafa-afa1640122a4,user_1112,2026-08-21T20:46:31.657922+00:00,credential_stuffing,1,549.68,0.013,False,27,0.1
aa3136d0-ab91-4a8d-8ff2-c668be6ccf1c,user_1110,2026-08-27T20:07:18.638334+00:00,none,0,641.16,0.044,False,1,467.23
54e5917d-1d10-4b41-912f-5603fe1eddd5,user_1678,2026-09-17T23:37:42.649642+00:00,none,0,621.61,0.079,False,1,368.03
465a1e6a-daa3-45f8-9781-df31125efdf3,user_1172,2026-09-02T16:19:47.648007+00:00,none,0,498.07,0.044,False,1,196.39
88b1f7df-2bfb-4274-9ba1-b6aafd696127,user_1187,2026-09-16T01:12:56.648824+00:00,none,0,538.89,0.017,False,2,1256.96
3f55c400-b33f-4718-aca1-f071bd8ffe8a,user_1063,2026-08-30T04:27:14.651500+00:00,none,0,49.31,0.061,False,2,99.41
0bf666e5-e5e4-412f-beef-761153e73709,user_1712,2026-08-22T07:06:53.647410+00:00,none,0,837.28,0.062,False,2,736.01
40742376-bbf1-45cb-afcf-81b310f6ec9d,user_1473,2026-08-30T00:26:48.644505+00:00,none,0,322.87,0.031,False,1,257.23
692c426d-3bf4-4caa-95e5-360e4ab16f0a,user_1291,2026-09-19T18:32:44.655747+00:00,device_takeover,1,579.3,0.957,False,1,4.56
c97fd59c-ba7c-4064-99f3-c3ed5ab7112e,user_1017,2026-08-30T06:47:41.657185+00:00,credential_stuffing,1,7.98,0.004,False,21,2.4
9fbcde8e-4db8-4d5f-9e9c-3e62c6d1e9a1,user_1066,2026-09-06T07:56:41.656266+00:00,token_replay,1,14.03,0.004,True,2,4.13
5ef01ac8-0e6b-4071-b31b-3138e383e356,user_1905,2026-08-31T12:57:32.642757+00:00,none,0,443.77,0.038,False,2,150.55
f8461f8b-7b5a-46a0-8198-3a9aa504a93c,user_1598,2026-08-28T11:49:39.636416+00:00,none,0,452.57,0.085,False,1,86.62
ba9d276d-1a3e-481b-bf61-d75bc33752d0,user_1771,2026-09-11T08:40:29.639238+00:00,none,0,257.5,0.086,False,1,1247.42
b227a6ac-a9c2-46f5-b5e1-4ef503fae332,user_1992,2026-08-25T08:30:32.648443+00:00,none,0,838.55,0.047,False,2,641.94
eeff99c0-4e9a-4eda-9f33-4487add75c97,user_1986,2026-09-15T01:53:09.637061+00:00,none,0,700.01,0.016,False,2,160.12
dcf05c3b-7b54-4570-950a-5170ca5a01a8,user_1620,2026-08-22T14:20:07.649910+00:00,none,0,638.61,0.081,False,1,369.0
bd9f9deb-558e-404a-86a2-cab773d43ad3,user_1592,2026-09-15T21:47:36.655228+00:00,device_takeover,1,32.84,0.924,False,1,2.1
c50601cf-73a8-44b9-af89-b70f254769e2,user_1437,2026-08-28T23:45:11.656382+00:00,token_replay,1,378.46,0.041,True,1,4.56
18b34063-1b24-454f-ad60-f1f51a73acf6,user_1983,2026-09-03T01:20:48.637126+00:00,none,0,572.03,0.083,False,1,629.92
fcf5ed85-298b-4a35-b870-363c1d68f45c,user_1728,2026-08-31T08:14:04.654131+00:00,impossible_travel,1,3222.72,0.09,False,1,0.2
d1fcf737-5729-4188-81cd-ceb71346617e,user_1956,2026-09-05T06:36:32.641736+00:00,none,0,118.78,0.086,False,2,529.37
c2ee9d2a-0f7a-4c67-9905-fdbd3909bfb5,user_1203,2026-09-13T00:24:59.657953+00:00,credential_stuffing,1,754.33,0.04,False,17,1.45
0c371c13-b94d-4983-9560-67f650b57f66,user_1296,2026-09-01T11:54:26.646149+00:00,none,0,133.21,0.034,False,2,825.02
d2b479c2-812f-4568-82ba-1dccca102f08,user_1793,2026-08-30T16:35:46.644810+00:00,none,0,469.84,0.037,False,1,1006.12
fa6103d9-f8b2-4f43-b252-a792ac8c5424,user_1921,2026-09-04T08:17:10.643351+00:00,none,0,588.99,0.022,False,1,1072.94
3a7d1a88-3986-4adb-b0e9-0d6a684199be,user_1025,2026-08-31T23:58:37.648550+00:00,none,0,837.96,0.077,False,2,1336.41
6d647faf-7e6a-43d3-8941-624da539c6e6,user_1902,2026-09-11T00:31:05.657467+00:00,credential_stuffing,1,809.89,0.088,False,10,0.83
002ddcf7-ed46-4776-ae88-718763212582,user_1073,2026-09-16T19:09:15.645382+00:00,none,0,145.8,0.023,False,2,942.07
92bd8810-a748-4c42-9e22-a5d0958650f7,user_1962,2026-08-27T19:38:36.647819+00:00,none,0,430.33,0.04,False,1,780.08
8bfe1c70-f9da-40c2-8eff-1bdc0564d303,user_1567,2026-09-14T11:01:31.636741+00:00,none,0,172.66,0.066,False,2,976.95
0283c64a-9439-46a5-8c33-a8fbab54b1ec,user_1289,2026-09-16T10:54:19.650468+00:00,none,0,600.35,0.013,False,1,229.31
2c3c4026-7bcc-4982-aeb3-0c683776c6b3,user_1664,2026-09-13T14:12:34.650340+00:00,none,0,584.77,0.044,False,1,128.54
7ce0e024-d622-4618-b2e5-1facf2448862,user_1281,2026-09-10T15:32:46.651011+00:00,none,0,220.76,0.071,False,2,126.47
323a6e99-c1c6-4c56-b7f6-be5d15584b10,user_1951,2026-09-08T12:24:18.652330+00:00,none,0,337.18,0.024,False,1,28.02
752b7a63-a17a-4248-9778-ddba9a856050,user_1705,2026-09-14T05:38:11.641556+00:00,none,0,793.93,0.03,False,2,138.94
84861ec2-38c1-42da-be80-57963de2548b,user_1765,2026-09-04T19:52:33.648146+00:00,none,0,207.06,0.011,False,1,145.72
15b07f59-9c7e-495f-9712-c9f9371fe048,user_1724,2026-09-13T23:27:47.641838+00:00,none,0,631.35,0.016,False,2,755.51
91c8f86f-3020-4b5d-b550-0855941f4204,user_1269,2026-08-21T21:12:33.649973+00:00,none,0,746.63,0.093,False,2,630.34
a16a0163-4d47-4c66-99ea-ed4e5ced5e10,user_1063,2026-08-21T22:24:25.656684+00:00,token_replay,1,225.44,0.004,True,1,2.21
787f3ffe-1d1e-4c4a-afce-33442053d9cd,user_1469,2026-09-10T19:12:09.658049+00:00,credential_stuffing,1,89.71,0.097,False,28,2.36
9261f400-c70f-4c65-8563-edb9347416d3,user_1210,2026-08-25T10:58:57.652530+00:00,none,0,48.67,0.092,False,1,1155.08
22dc473c-d76b-4535-9d40-9462726494de,user_1829,2026-09-13T19:33:32.656734+00:00,token_replay,1,803.96,0.036,True,2,2.84
7c6b26ed-dbc9-4503-aeda-c5b42f3d9acb,user_1731,2026-09-18T23:11:42.652298+00:00,none,0,803.42,0.053,False,2,1004.83
8e2275ce-bab2-40fc-9c86-b73638af5c5e,user_1428,2026-09-08T14:04:13.639649+00:00,none,0,866.42,0.09,False,2,1344.93
38b2a8bb-219c-4b53-bf80-c39f255ea92d,user_1892,2026-09-15T20:51:18.647012+00:00,none,0,739.92,0.094,False,1,299.44
614454ae-74b7-4327-b024-5a35ce0baeaa,user_1847,2026-09-16T17:24:03.640701+00:00,none,0,588.36,0.086,False,1,139.17
6107a631-00c4-4ef6-bdfa-c7c314fd4144,user_1981,2026-08-30T03:04:54.650970+00:00,none,0,662.32,0.065,False,1,1019.84
c20185f3-344d-406f-b29d-429665c542c2,user_1009,2026-09-15T11:25:57.654463+00:00,impossible_travel,1,5881.33,0.082,False,1,1.01
a2314ac6-33b5-4938-80a3-8ca42d579df9,user_1379,2026-08-26T15:19:51.639627+00:00,none,0,505.49,0.032,False,2,180.82
19e28067-f00f-4ac6-81b6-100255dc8809,user_1941,2026-09-03T01:44:14.638653+00:00,none,0,79.32,0.084,False,1,630.2
33b9f985-25a8-43c3-845a-3b1bd1e61b59,user_1331,2026-08-23T01:15:50.656643+00:00,token_replay,1,859.68,0.035,True,2,0.34
6e7533bb-b02a-4323-8244-792cd80f1ad6,user_1461,2026-09-01T00:06:37.644327+00:00,none,0,389.72,0.002,False,1,772.49
c38668b6-4cd7-414e-8b66-bfc831723063,user_1741,2026-08-23T00:26:28.657546+00:00,credential_stuffing,1,824.71,0.094,False,12,0.76
fa0d5969-23cd-4eac-9e95-2656c7cb5455,user_1691,2026-09-19T09:04:00.651543+00:00,none,0,408.67,0.033,False,1,159.99
72532d85-e28f-4a79-8ec9-148f66f9b632,user_1784,2026-09-06T06:11:18.655889+00:00,device_takeover,1,640.24,0.806,False,1,3.3
26a2bca8-72e9-48c0-a165-eaea61db0f67,user_1934,2026-09-15T03:08:04.637721+00:00,none,0,415.3,0.012,False,1,720.17
9f178fb2-8722-45a4-bd0f-667998859bf6,user_1719,2026-08-30T14:04:47.653441+00:00,none,0,268.53,0.013,False,2,96.12
a6ce0c0c-61af-471b-9be0-cf9a9840e9bb,user_1442,2026-08-27T16:38:31.657708+00:00,credential_stuffing,1,236.75,0.086,False,18,3.66
8c861e75-d15c-4088-8a9b-4365db3d4d8f,user_1464,2026-08-22T23:33:32.646614+00:00,none,0,806.96,0.09,False,2,134.41
6e15489a-e25e-43a5-8d9e-97168e2f7d89,user_1705,2026-08-22T06:42:32.646799+00:00,none,0,840.5,0.099,False,2,617.82
61e877fc-c7fe-43e9-9b00-710f7c29b03a,user_1034,2026-09-10T23:15:54.645670+00:00,none,0,414.75,0.077,False,1,683.5
da6e155a-d10f-4544-a571-69abb4f59c49,user_1437,2026-09-16T09:13:55.642847+00:00,none,0,265.09,0.066,False,2,291.53
dbf56c69-cd21-4342-8c7d-278fb8c213ef,user_1678,2026-09-01T10:25:26.642652+00:00,none,0,527.41,0.034,False,2,200.81
811c107b-a020-4fe6-a3cf-9849cba0673c,user_1443,2026-09-13T18:07:20.649952+00:00,none,0,234.37,0.031,False,1,721.37
c458fdca-21ee-4ee9-8792-603935d47b56,user_1379,2026-09-11T06:28:32.651298+00:00,none,0,400.12,0.022,False,1,1093.33
bd419ce5-6e4e-4f87-8051-ae435d27024e,user_1550,2026-08-31T01:37:08.651152+00:00,none,0,865.22,0.056,False,1,6.44
b3ddabed-2577-43f4-8c0a-2f488378d2f0,user_1523,2026-09-07T02:23:42.649141+00:00,none,0,132.64,0.045,False,1,364.74
ea43cb34-fe5e-4ce9-8368-4dde23d68467,user_1294,2026-08-29T11:41:26.652164+00:00,none,0,312.1,0.084,False,2,566.21
b601f2bc-f60e-486f-a97f-d385068fe4e6,user_1542,2026-09-02T19:47:55.639368+00:00,none,0,358.23,0.065,False,1,1383.35
db7cde68-d314-46cf-b45e-0181d56ef7cd,user_1500,2026-08-24T22:23:09.653998+00:00,impossible_travel,1,5460.11,0.068,False,1,1.62
8102b6b4-17d1-4997-98aa-fd8f4d37aa07,user_1007,2026-09-11T22:17:42.648030+00:00,none,0,833.52,0.071,False,2,602.28
e182a706-0d80-444c-8e94-7e060f40746d,user_1777,2026-08-26T13:33:31.643103+00:00,none,0,780.47,0.082,False,1,99.16
d675ec94-6b6a-4b79-8205-28226d29baa0,user_1005,2026-08-22T02:58:25.646693+00:00,none,0,794.43,0.024,False,2,656.11
3d1ebee3-a4ad-4a7e-8df1-98701db25f6a,user_1045,2026-08-31T11:01:26.652361+00:00,none,0,461.25,0.082,False,2,811.55
25c59a5d-331e-43e5-863c-acc1aae0f319,user_1722,2026-08-24T23:22:28.654340+00:00,impossible_travel,1,3376.34,0.013,False,2,1.62
0e7cadec-6ac9-43e9-8a83-92d55920c54c,user_1527,2026-08-25T19:01:28.653794+00:00,none,0,628.09,0.041,False,1,1312.12
dc1f0365-0dd4-434d-ba7c-45712b160657,user_1981,2026-09-16T05:41:30.647851+00:00,none,0,328.82,0.085,False,2,120.46
21fefc70-ec9a-4685-8a69-3d0956676144,user_1570,2026-09-17T18:52:29.649900+00:00,none,0,46.9,0.093,False,2,1308.31
580b65b9-abc0-4bc9-8a18-3a9b21149a24,user_1522,2026-08-27T23:21:18.645349+00:00,none,0,697.27,0.045,False,1,551.84
611a9e01-489d-4c3b-8381-36c70cf3a4aa,user_1586,2026-09-13T05:21:38.646394+00:00,none,0,383.82,0.031,False,2,649.56
4c200ceb-45d9-4313-afa7-63b641b8d0e8,user_1128,2026-09-10T08:29:11.654777+00:00,impossible_travel,1,4603.62,0.006,False,2,0.92
c939d1be-3ba4-446b-b655-edcfd7d1fc31,user_1433,2026-08-28T14:04:52.649622+00:00,none,0,614.46,0.096,False,1,525.9
b49f3821-c8f6-45e5-8e6f-2388df55347e,user_1628,2026-09-18T02:40:49.644929+00:00,none,0,144.66,0.096,False,1,1159.27
b263df6d-b50d-489c-badf-c863c5224293,user_1385,2026-09-03T17:03:02.643239+00:00,none,0,413.1,0.022,False,2,976.78
3fd8106a-4a80-4b5c-8819-97f55932852d,user_1974,2026-09-02T13:03:19.658079+00:00,credential_stuffing,1,686.43,0.071,False,24,1.12
f25d0199-63b9-4112-8823-71e3447ce9fb,user_1522,2026-09-10T10:50:44.653546+00:00,none,0,619.14,0.066,False,1,345.24
3b2271c8-54ad-4eaa-b4b0-5e3959fdf668,user_1841,2026-08-23T11:37:52.651956+00:00,none,0,682.03,0.001,False,1,1246.94
4b030f96-0f0a-427c-8797-1140ba48c2ed,user_1284,2026-09-08T09:39:56.647538+00:00,none,0,119.28,0.028,False,2,25.38
0958b1c4-29c4-416c-ba7f-daf36b93873a,user_1615,2026-08-22T12:15:59.641694+00:00,none,0,649.06,0.028,False,1,1221.73
e649b581-db99-43ea-a6ab-4a65beb0578a,user_1466,2026-08-28T15:49:37.650867+00:00,none,0,29.35,0.016,False,2,1327.64
39bcca5f-0afb-433e-aaca-6fe4b3b43ba2,user_1816,2026-08-26T10:19:34.639271+00:00,none,0,240.05,0.008,False,2,118.26
4a46a5eb-15d3-436f-a7b3-5be7e9794d1d,user_1762,2026-09-08T22:54:41.656523+00:00,token_replay,1,153.7,0.074,True,1,2.38
519dbaa2-7f1b-4604-83ef-6881f96a70cd,user_1821,2026-09-10T00:51:30.640171+00:00,none,0,685.67,0.068,False,1,759.1
73911651-33ec-434d-ac4a-9e1daf55e6f9,user_1142,2026-08-24T21:24:41.648596+00:00,none,0,105.19,0.002,False,1,644.97
e4dd8b8d-780e-413e-acd9-dd2a3ea8f024,user_1875,2026-09-16T06:07:24.638770+00:00,none,0,553.51,0.051,False,2,837.77
9acbaaee-3814-472a-b89f-3f619e3f6973,user_1028,2026-09-03T13:35:13.642584+00:00,none,0,852.8,0.056,False,1,1205.66
63638084-f18a-418d-b04b-39be0694963e,user_1885,2026-09-17T03:28:51.656743+00:00,token_replay,1,306.64,0.068,True,2,0.95
b286d021-39c7-45ce-8bb9-faa3deaa3b11,user_1702,2026-08-26T10:17:15.656175+00:00,token_replay,1,655.39,0.002,True,2,4.28
f89e2d4d-5587-489d-b60c-ae4b34b8bffd,user_1738,2026-09-18T03:23:14.638444+00:00,none,0,871.56,0.06,False,2,153.67
78bf5eba-f011-471d-bfc4-caf1813a5b1d,user_1140,2026-09-18T11:58:48.651574+00:00,none,0,54.44,0.031,False,2,741.34
49753595-9892-4405-95d5-3df7c8946662,user_1089,2026-08-24T07:58:14.653504+00:00,none,0,231.08,0.075,False,1,1411.2
890ea212-4968-4e2b-af00-83900716fe63,user_1373,2026-09-18T16:50:43.636582+00:00,none,0,809.03,0.021,False,1,962.05
843ca49e-399f-437d-96b9-bf1921f44455,user_1392,2026-08-27T04:53:48.643482+00:00,none,0,529.8,0.017,False,1,432.92
c0352ee3-9603-4666-b9c9-cc8c8202cb1e,user_1649,2026-09-20T06:02:23.657759+00:00,credential_stuffing,1,221.32,0.059,False,17,3.37
82855e2f-9784-4437-b0c2-d9ed146f85b8,user_1487,2026-09-04T22:14:09.656663+00:00,token_replay,1,683.92,0.098,True,1,0.53
d6ea8c74-85e3-433f-a6fe-3626ce37b005,user_1695,2026-09-03T16:53:32.656215+00:00,token_replay,1,799.2,0.039,True,2,4.73
0c8bb6cc-b1dd-44ec-8b34-59e91822a2c2,user_1059,2026-08-24T12:16:49.640228+00:00,none,0,416.14,0.081,False,1,573.19
cd4f9327-3a09-40a6-95c1-b0a24ddfc761,user_1626,2026-08-22T01:59:06.641827+00:00,none,0,49.53,0.067,False,1,176.4
797950ce-9f85-4a0f-adf2-21afcd392918,user_1676,2026-08-26T09:32:31.649185+00:00,none,0,690.81,0.079,False,1,426.26
db1c88ae-039d-4c7c-92d5-cc8abd33a387,user_1852,2026-09-02T02:31:57.648716+00:00,none,0,260.52,0.049,False,2,1202.63
c1f2e5cd-9b21-442d-89e3-1e27f849e9d8,user_1710,2026-09-11T09:44:16.654257+00:00,impossible_travel,1,7666.44,0.04,False,1,0.83
7961d42d-004e-416f-b44b-885e7fa823e9,user_1113,2026-09-12T23:26:59.649753+00:00,none,0,224.64,0.071,False,1,1220.39
765a2730-574d-4388-9294-9adfe296c85b,user_1321,2026-09-14T15:18:14.649036+00:00,none,0,419.31,0.052,False,2,1098.86
3086c8d0-a71b-4773-8a11-b929b0dd56ad,user_1681,2026-09-06T16:08:39.648749+00:00,none,0,375.44,0.049,False,1,45.82
db954011-fb2e-4ab4-aa0c-c3def697dd4a,user_1312,2026-08-26T14:41:29.653869+00:00,none,0,743.15,0.004,False,2,1285.73
ea661954-c542-4a99-a004-fab00489c1d0,user_1760,2026-08-25T14:59:58.637249+00:00,none,0,855.79,0.069,False,1,315.51
9f9d778f-6b14-4643-9335-3c2123cfdb1d,user_1973,2026-08-29T15:25:27.650107+00:00,none,0,292.42,0.073,False,1,308.31
135b45aa-30d8-4f92-815e-087dca52356f,user_1998,2026-09-19T10:19:30.658089+00:00,credential_stuffing,1,357.61,0.023,False,21,2.38
e538fb4d-1eb6-46b5-8509-0ba73e52e632,user_1243,2026-08-31T06:12:19.642006+00:00,none,0,442.83,0.006,False,1,1026.22
18b37f3d-790f-4a7f-aa8d-9278296be40f,user_1983,2026-09-18T22:07:29.641910+00:00,none,0,497.58,0.091,False,2,327.18
29da6c8b-cf44-4e11-a4c8-e8440ae12e74,user_1224,2026-09-12T02:24:12.636840+00:00,none,0,723.7,0.07,False,2,77.06
455e9652-ef64-492b-b607-a5e24e84e4ec,user_1227,2026-09-10T19:00:29.646511+00:00,none,0,682.0,0.007,False,2,1249.33
a38c7b13-b49b-40b9-b4bd-fcd916f90451,user_1148,2026-08-25T21:18:59.647624+00:00,none,0,783.25,0.001,False,2,553.18
c27d8386-9366-4e64-bd5b-e48d2cabf672,user_1326,2026-08-31T10:16:22.640427+00:00,none,0,367.43,0.03,False,1,1087.59
0cc083e3-9819-4683-9a5d-7ec72d302bbb,user_1944,2026-09-07T05:18:58.647736+00:00,none,0,692.42,0.069,False,2,374.28
414966a5-8928-4402-8e45-645f11932954,user_1997,2026-09-14T08:25:41.654869+00:00,impossible_travel,1,7323.91,0.01,False,2,4.48
b822fe22-ae51-4fcc-9ae0-3ade85fa569c,user_1561,2026-08-29T23:47:57.636874+00:00,none,0,807.49,0.074,False,2,650.85
f6a3cf98-627c-4243-aa54-4e00bd9bd95c,user_1896,2026-08-29T14:01:57.654755+00:00,impossible_travel,1,5987.4,0.083,False,2,3.55
f23408ef-2948-4df5-b415-e0b979c1db89,user_1707,2026-09-10T17:46:31.639855+00:00,none,0,369.34,0.077,False,2,1257.49
c223a98e-f994-4333-a19c-8b283f873151,user_1747,2026-08-29T08:03:27.635987+00:00,none,0,482.61,0.097,False,2,118.08
cd32fffc-eb80-4f2c-a54b-951922ce27c3,user_1493,2026-08-28T09:28:00.644696+00:00,none,0,431.12,0.059,False,2,37.21
9be9c4d9-b10a-4756-b74c-fa7a9f85f2c5,user_1763,2026-09-16T01:09:49.653431+00:00,none,0,714.91,0.018,False,2,1439.93
adb077ec-0720-423c-b9f1-36442ab5eb98,user_1231,2026-09-19T01:46:34.646500+00:00,none,0,367.73,0.097,False,2,1368.53
76480a33-eba9-4177-9044-954eb69a77ca,user_1830,2026-09-06T01:26:55.646065+00:00,none,0,82.71,0.04,False,1,1058.67
a7585601-8200-464e-9d65-6f0ce7a26d88,user_1818,2026-08-25T13:48:19.641223+00:00,none,0,168.26,0.033,False,2,168.53
e8586fdf-0fe8-4923-b552-bae4d39be3b8,user_1155,2026-08-31T15:38:58.641662+00:00,none,0,554.47,0.044,False,1,129.4
dfa44ec3-6fc0-4b67-8570-de23dfd6c4cd,user_1080,2026-08-30T22:43:15.652572+00:00,none,0,652.49,0.031,False,1,356.47
60b9503d-cb15-4256-b051-45a694da943d,user_1026,2026-09-11T14:33:52.639379+00:00,none,0,449.14,0.039,False,1,380.65
19c508fc-5391-495c-b91d-7fccbfc840c8,user_1206,2026-09-06T23:12:26.646861+00:00,none,0,228.98,0.007,False,2,732.1
5e9a8828-638b-430f-8f42-f4fb6294d287,user_1134,2026-09-07T12:45:18.658007+00:00,credential_stuffing,1,775.79,0.008,False,26,3.61
c1517926-adb2-4db0-9a0f-25ff86f99773,user_1904,2026-08-29T14:27:50.651382+00:00,none,0,1.76,0.043,False,1,1230.29
bc3d127e-8193-490d-b73c-3cc0061c3a31,user_1069,2026-09-15T19:51:35.648983+00:00,none,0,737.63,0.076,False,1,1032.19
5e6bc10a-2b21-4188-82a9-a6af1949ae4c,user_1979,2026-08-25T12:32:25.644272+00:00,none,0,479.89,0.063,False,1,966.93
485d878d-f904-46cb-af82-421ee1124519,user_1783,2026-09-04T08:03:36.655279+00:00,device_takeover,1,102.04,0.753,False,2,1.87
d848b4ae-b41c-4265-9c09-194dd751c796,user_1524,2026-09-05T09:54:10.655009+00:00,device_takeover,1,336.31,0.905,False,2,1.31
fa74ddf4-6586-4994-814b-a05e58eb2181,user_1280,2026-09-14T09:06:25.654247+00:00,impossible_travel,1,3606.91,0.096,False,1,3.97
8d09ae42-e1fb-4808-8c6d-03d725ca21a1,user_1404,2026-09-02T11:13:27.653928+00:00,none,0,269.36,0.043,False,1,774.77
3df5d426-ef72-448a-b699-57067d7f0fd3,user_1053,2026-09-11T22:45:09.653272+00:00,none,0,771.1,0.073,False,2,1417.6
5ba9530d-6578-4dee-822e-16bd9b3dcd7e,user_1781,2026-08-21T17:36:06.651774+00:00,none,0,528.59,0.085,False,2,1138.06
32b615ab-b714-4f37-9c3b-d4e2bcc063bb,user_1491,2026-08-24T07:33:25.654473+00:00,impossible_travel,1,9031.51,0.082,False,2,1.66
3ba2af9b-1025-4727-bd81-b5c768a9f370,user_1644,2026-09-02T04:22:21.639832+00:00,none,0,133.0,0.068,False,1,826.64
2928a6a5-71f1-43a8-b12f-e227052b574f,user_1474,2026-08-23T01:34:09.641108+00:00,none,0,621.39,0.015,False,1,697.78
445b63e4-fee3-45dd-ba54-78e5c217bfa2,user_1282,2026-09-01T05:57:08.645001+00:00,none,0,317.81,0.04,False,1,747.96
0aa859ee-2788-4b81-bc0d-8c07b7344246,user_1113,2026-09-02T01:09:05.648345+00:00,none,0,329.03,0.062,False,2,530.83
3bc06b2d-598a-406d-b8c1-7d1e608163b0,user_1905,2026-08-23T22:46:23.649794+00:00,none,0,202.04,0.095,False,1,1306.32
c6fdaf13-4fbf-4620-8597-da2fd4ce0ce6,user_1276,2026-09-18T03:18:04.654319+00:00,impossible_travel,1,6781.72,0.025,False,1,2.67
bd668c24-6344-439c-9a2b-31fe58637d07,user_1302,2026-09-04T04:41:40.638080+00:00,none,0,723.81,0.047,False,1,206.99
6946b415-6bdd-4225-828f-bb542b5b756d,user_1041,2026-08-26T06:14:47.650887+00:00,none,0,137.97,0.037,False,2,440.18
e4c13d73-d107-40b9-be69-b91b3cbc2fe6,user_1919,2026-09-11T07:01:59.644262+00:00,none,0,288.28,0.008,False,1,245.21
eb3b38c4-89b3-4089-b131-18a0aa151210,user_1281,2026-08-30T06:50:15.636895+00:00,none,0,69.74,0.029,False,2,486.94
78695156-7d03-4112-a579-cf04ffd29246,user_1440,2026-08-30T22:01:45.656910+00:00,token_replay,1,494.59,0.012,True,1,4.49
88d7b5da-99fd-4ebc-b5ba-d5f3fee1fab1,user_1864,2026-08-30T22:11:49.657587+00:00,credential_stuffing,1,256.73,0.038,False,15,4.77
14ba40fa-43a5-4333-81ab-eed3cae0bed8,user_1550,2026-09-12T05:29:35.641290+00:00,none,0,499.42,0.049,False,1,273.49
216b9134-71cf-4f91-96b5-2992bb2ee967,user_1446,2026-09-04T23:36:36.656340+00:00,token_replay,1,723.94,0.014,True,1,1.25
786004f4-3a6b-4a0b-963d-9a025f028ae0,user_1257,2026-09-18T04:08:28.636536+00:00,none,0,83.07,0.042,False,2,68.26
c049cd37-959f-4544-9039-d28488c43f58,user_1071,2026-08-31T08:30:28.652859+00:00,none,0,472.47,0.065,False,2,249.86
07610749-5fe4-4ffe-a41c-9327add958a0,user_1508,2026-09-10T13:20:43.643610+00:00,none,0,619.38,0.048,False,1,8.93
b4647f29-76e5-4f04-a3f6-0d96df0d3166,user_1393,2026-08-31T07:32:47.643978+00:00,none,0,881.55,0.092,False,1,397.61
5ef9e987-4c4b-4166-b49a-90796153c667,user_1007,2026-08-27T11:49:49.638595+00:00,none,0,672.31,0.018,False,2,769.26
c4d15248-f38e-42bf-b89c-1a1537c6dee3,user_1195,2026-09-16T11:34:48.637193+00:00,none,0,217.22,0.041,False,1,996.02
794fa9ca-bb57-4a86-8295-1a84e81ce7e8,user_1213,2026-08-22T22:47:46.647231+00:00,none,0,388.03,0.098,False,2,786.4
ea8bf200-8458-40f1-b108-13098b0e1af0,user_1700,2026-08-29T09:31:35.649878+00:00,none,0,77.16,0.047,False,2,1403.26
d0064b77-649a-4210-8f26-27532848d4cc,user_1565,2026-08-29T18:59:06.647421+00:00,none,0,346.24,0.023,False,2,872.56
e3eec599-bb6a-4383-9e2c-781e5bfb608f,user_1451,2026-09-19T00:27:14.638045+00:00,none,0,521.62,0.073,False,1,1310.32
c0a96794-9cc7-48fa-9c4a-6862b15741ce,user_1918,2026-08-23T03:37:26.645075+00:00,none,0,775.82,0.048,False,2,101.94
11808226-5c09-4b64-9e7e-fdb2becf4d72,user_1580,2026-08-23T02:20:00.643004+00:00,none,0,524.41,0.096,False,1,1332.27
06fe72f3-0464-4300-bd03-9a324d5ae38b,user_1457,2026-09-05T09:08:41.653494+00:00,none,0,110.74,0.013,False,1,941.54
9123ff11-3a6c-45dd-be5e-7e6aeb8c2e11,user_1394,2026-09-02T02:42:27.636130+00:00,none,0,536.3,0.047,False,2,1398.5
67528954-e55f-47cf-8a85-24ee3abfadd9,user_1397,2026-09-16T12:38:39.640902+00:00,none,0,652.36,0.056,False,1,825.76
80948082-ab82-4f1d-85ed-13749455b514,user_1566,2026-08-31T21:02:52.651109+00:00,none,0,58.91,0.003,False,1,1316.21
1e2ae432-f1de-4365-9572-0663f96c38e8,user_1695,2026-08-29T19:07:42.639358+00:00,none,0,853.94,0.037,False,1,828.58
3a55cd88-dd5e-41de-a2a1-2b6d82769ce8,user_1735,2026-09-09T12:47:48.653747+00:00,none,0,274.67,0.086,False,2,588.35
5fa3e66e-d379-485b-a5c6-1a4c74108046,user_1635,2026-09-02T04:43:21.640958+00:00,none,0,723.67,0.033,False,2,622.93
d7d56d2c-1f6f-449d-8335-3ec7e5f68728,user_1532,2026-09-07T17:36:18.652948+00:00,none,0,838.92,0.047,False,2,872.27
6c03044d-8b09-49c7-a501-2d0bf2b419bd,user_1705,2026-08-27T20:58:10.650845+00:00,none,0,658.55,0.042,False,1,212.14
6d6a6cd2-828b-4918-9c67-64206f15e402,user_1648,2026-09-06T11:08:27.643883+00:00,none,0,492.92,0.037,False,1,70.69
35e8585e-e967-4d44-94e6-0af02ef505a0,user_1927,2026-09-19T02:43:39.636282+00:00,none,0,773.67,0.007,False,1,404.61
053c6029-2228-476a-9c91-fd5b35e72564,user_1137,2026-09-14T17:09:32.646779+00:00,none,0,625.16,0.027,False,2,757.87
6d603f6c-4de2-4ee4-8cc4-0ed6ded0aeef,user_1498,2026-09-04T13:51:25.644453+00:00,none,0,321.42,0.067,False,1,148.56
957358e8-4640-46f1-9a21-68983635bddb,user_1486,2026-09-13T21:17:57.647365+00:00,none,0,169.4,0.038,False,2,1210.35
f0859e27-db40-4f3b-a9dd-310cf0076b2a,user_1758,2026-09-19T03:36:29.638517+00:00,none,0,82.58,0.053,False,2,607.46
1015bc25-04d7-455d-a9d9-17113cd97172,user_1717,2026-09-16T18:02:39.645423+00:00,none,0,189.51,0.04,False,1,96.54
fb0b5d76-f679-403f-ac4c-f584d566812c,user_1271,2026-08-23T13:21:17.639821+00:00,none,0,519.87,0.072,False,2,249.68
3e768546-5b7f-4be7-81f9-c105ce553add,user_1603,2026-09-12T03:01:36.642683+00:00,none,0,340.55,0.073,False,2,187.74
3f90592f-7193-4add-85cc-cd441ac8e552,user_1785,2026-09-07T03:31:03.648616+00:00,none,0,176.14,0.008,False,2,976.59
4aafd344-244d-4df4-96fe-29a2f1aacccb,user_1843,2026-09-20T05:04:09.644221+00:00,none,0,103.25,0.035,False,1,1302.95
44d66424-b143-4ff2-908b-73d6a029b961,user_1825,2026-08-25T19:52:18.653695+00:00,none,0,496.5,0.088,False,2,689.3
30e895f1-60fe-4c00-b92c-c286258e557c,user_1744,2026-09-17T17:33:33.649462+00:00,none,0,470.04,0.036,False,1,349.94
c0045718-c061-42cb-92a3-20e9ed697f88,user_1140,2026-09-20T09:17:22.639984+00:00,none,0,868.07,0.098,False,1,588.91
a0826c52-c7d6-4e89-90cf-908fa2e9eabe,user_1972,2026-09-19T22:55:31.643461+00:00,none,0,802.81,0.076,False,1,30.71
65e85a02-8d09-4e67-b702-c5a8f601c41d,user_1318,2026-08-24T21:33:08.637709+00:00,none,0,12.31,0.041,False,1,1428.89
50191836-1d12-4bab-8d0a-83a137725bf4,user_1792,2026-09-05T21:12:29.650749+00:00,none,0,653.86,0.099,False,1,1055.4
1992947f-7a62-4a1a-80c1-ab45f7d3a47b,user_1924,2026-08-27T02:23:28.640195+00:00,none,0,181.94,0.054,False,1,475.85
c50f5fb8-9a99-40d0-8498-9f07632d8307,user_1912,2026-08-30T03:41:27.636863+00:00,none,0,551.39,0.072,False,2,1196.87
a25f46ea-3ee2-42e2-842b-a7e7cfc143c2,user_1951,2026-09-17T02:48:27.636471+00:00,none,0,8.38,0.062,False,1,110.13
47a2ede3-d4e4-4cdb-adf8-d420a89d6a22,user_1824,2026-09-17T18:10:10.641412+00:00,none,0,513.07,0.053,False,1,469.44
9a8cc0f9-a293-4653-8fb1-582325b88df2,user_1794,2026-08-31T16:44:19.637814+00:00,none,0,39.28,0.074,False,2,559.02
efdd4b94-e44c-4434-9be9-4cd9e7666208,user_1953,2026-08-26T11:38:02.644981+00:00,none,0,257.41,0.003,False,1,887.8
298645f2-b6de-482f-a232-9141ebff9c1a,user_1945,2026-08-30T06:42:04.649993+00:00,none,0,47.9,0.015,False,1,267.81
e8424681-3209-4ba9-8f0f-e74a8f90691e,user_1092,2026-09-09T01:56:48.649580+00:00,none,0,539.84,0.077,False,2,477.53
8aadbb8f-6e07-4f64-8766-08c5d41e6bc0,user_1963,2026-08-26T01:24:44.651741+00:00,none,0,879.39,0.1,False,2,1265.49
8d5c60dc-4d91-4a5e-a256-0d810fb690e2,user_1109,2026-09-12T03:15:24.649601+00:00,none,0,192.7,0.027,False,2,369.93
e91e4951-96ba-401b-ad0f-f021292de6d4,user_1768,2026-08-26T21:58:26.654267+00:00,impossible_travel,1,4457.35,0.078,False,2,3.04
fbf63348-f445-4da0-a8c1-953db549723a,user_1407,2026-08-27T01:04:56.641769+00:00,none,0,257.84,0.071,False,2,612.83
8f0cb427-f432-49c5-8e05-42e7bc3674cc,user_1074,2026-09-10T04:37:07.655674+00:00,device_takeover,1,591.26,0.812,False,2,0.61
425b4178-48be-4890-97e5-0303a99e57f0,user_1823,2026-08-24T14:00:36.638104+00:00,none,0,329.2,0.079,False,1,384.5
7b8d4b9b-d7be-4cce-82a9-5103324fea49,user_1216,2026-08-26T05:50:52.647922+00:00,none,0,412.53,0.068,False,1,1068.41
52ed40d4-c66f-451b-8fa4-b8059165784a,user_1222,2026-09-19T04:57:33.655580+00:00,device_takeover,1,294.79,0.766,False,1,1.34
5b56187e-fb02-4ea2-baa2-ab945ad9b8fb,user_1630,2026-09-19T05:24:07.646882+00:00,none,0,748.84,0.019,False,2,1328.47
b56c265e-0f09-4405-ab85-6adfc37ded53,user_1133,2026-08-28T12:27:04.650823+00:00,none,0,193.31,0.008,False,2,849.12
4d28e84b-c082-4a95-ab91-7ac7ece15ed8,user_1258,2026-08-27T18:56:10.654153+00:00,impossible_travel,1,4272.23,0.03,False,1,3.34
d5b3f1b8-4536-4277-9ca3-bb144fd9352e,user_1139,2026-08-23T06:05:31.642070+00:00,none,0,98.08,0.011,False,2,673.79
4e0544d1-983e-4821-ad90-7101d28fa081,user_1009,2026-09-06T03:40:27.640038+00:00,none,0,511.17,0.011,False,2,413.35
e98d3460-0f87-4319-8c22-b7297cf2f7d4,user_1667,2026-09-03T06:31:29.651584+00:00,none,0,280.07,0.089,False,1,216.53
20d8d4a5-79a1-4a08-a5b5-98c69dbb7962,user_1954,2026-08-26T07:58:17.657748+00:00,credential_stuffing,1,285.77,0.084,False,30,0.18
b478fec9-9314-4950-b66f-af9fd0c68956,user_1051,2026-09-05T17:15:08.647953+00:00,none,0,738.67,0.01,False,1,1203.73
f8ee278a-e4a9-46f7-9358-46afb1c6bc39,user_1703,2026-09-09T05:41:40.657870+00:00,credential_stuffing,1,26.07,0.027,False,16,4.45
b4a6f709-d74f-4be6-adf0-832902d96b53,user_1932,2026-08-24T00:07:35.652154+00:00,none,0,791.32,0.046,False,1,1063.01
acb0101f-f4a8-4920-8107-2fdb827c0481,user_1369,2026-09-10T23:20:48.643136+00:00,none,0,246.58,0.082,False,2,916.81
a0a33e33-d33b-480c-8709-c79b7025b0f1,user_1873,2026-08-28T21:31:20.650447+00:00,none,0,118.04,0.029,False,2,1382.32
08811161-7bac-4ffd-b79b-c818450bf88a,user_1741,2026-08-22T09:07:44.638848+00:00,none,0,785.95,0.033,False,1,1320.53
11a7c0e0-b82b-4cad-b487-fa8931b468f1,user_1023,2026-09-04T03:14:53.651032+00:00,none,0,393.32,0.041,False,2,553.19
08824fbe-8a72-40a7-a294-8b5de2f9de2a,user_1072,2026-09-09T05:10:55.648135+00:00,none,0,649.26,0.059,False,2,606.36
771e5558-066e-482d-ac9a-fcf5455758fc,user_1424,2026-09-06T15:15:06.652520+00:00,none,0,675.5,0.023,False,2,496.82
f8187291-f42f-45b8-afa4-79e82d31c1c1,user_1738,2026-09-05T10:59:13.639660+00:00,none,0,170.85,0.016,False,2,720.72
4c0e9e5e-3e68-462f-8a4c-eb9f11e8ae02,user_1142,2026-09-05T22:30:02.641033+00:00,none,0,217.82,0.066,False,2,1137.33
f1f3672c-885f-4292-aa53-f5cd9ba5e8d1,user_1391,2026-09-01T23:09:40.657068+00:00,token_replay,1,399.62,0.022,True,2,0.92
46bb9b68-916c-4af8-8ceb-6b643020d853,user_1683,2026-08-29T20:06:59.650949+00:00,none,0,134.08,0.073,False,1,1152.73
b2be2f46-5d49-4ece-9236-33c2a18bdbef,user_1735,2026-09-05T03:17:44.639615+00:00,none,0,660.78,0.086,False,2,192.65
490d6b6b-4955-4a20-aa30-a0dffee59f34,user_1181,2026-09-01T07:20:37.640980+00:00,none,0,871.85,0.029,False,2,1393.74
f8957421-4a94-45cd-9f21-7cc644913dd4,user_1160,2026-08-27T02:17:50.643790+00:00,none,0,763.96,0.085,False,1,112.43
2d41840f-3ea9-445a-9df3-5ba28c05f95f,user_1228,2026-09-20T11:16:46.640303+00:00,none,0,680.56,0.098,False,2,971.47
28be888d-4edd-4106-a358-b17f862dce1d,user_1737,2026-09-20T13:50:01.642747+00:00,none,0,43.33,0.044,False,2,1395.66
983f0b60-71ad-4e8a-b423-4b159792c119,user_1130,2026-08-26T23:31:19.647199+00:00,none,0,92.64,0.082,False,1,472.62
1b48e2c7-7315-421a-86af-5e6ae32d4d53,user_1842,2026-09-02T14:31:41.638125+00:00,none,0,97.51,0.023,False,1,894.05
c18d9529-bb77-4f1e-8f82-76a9dad5f63d,user_1226,2026-09-09T06:23:45.651319+00:00,none,0,882.11,0.097,False,1,407.89
bdaf148e-8656-4dcd-8974-5f1008e6bb0b,user_1474,2026-09-14T22:06:03.643372+00:00,none,0,423.48,0.087,False,1,682.64
96f0b9c0-1b33-420a-9aa0-29e62790feb8,user_1891,2026-08-25T09:30:00.645476+00:00,none,0,841.37,0.055,False,1,1396.29
22558b04-f2a0-44e0-8af3-fea985f74025,user_1615,2026-09-09T04:12:54.649496+00:00,none,0,365.28,0.011,False,1,44.76
edffb477-f36b-486f-b471-e09f0a62849c,user_1471,2026-08-25T13:42:49.646903+00:00,none,0,806.34,0.046,False,2,1336.38
2e719dd3-0eee-4078-bbbb-48d2cf24787d,user_1306,2026-09-06T22:57:10.651946+00:00,none,0,740.08,0.078,False,2,1362.24
8effe83a-36cd-44ae-8e79-9fb8ba6d06a4,user_1691,2026-09-13T02:59:59.656463+00:00,token_replay,1,270.8,0.031,True,1,4.03
64dee835-115c-4d91-94c0-b2d973b40add,user_1432,2026-09-06T08:18:09.646583+00:00,none,0,551.82,0.005,False,1,670.24
1de5bb23-8df8-41ec-bfd5-cbd079b70ffb,user_1113,2026-08-29T00:56:22.648198+00:00,none,0,412.72,0.017,False,2,320.49
fb6722e2-3366-4d8a-8bf3-cb8d3e0ac24d,user_1324,2026-09-17T00:55:04.639481+00:00,none,0,404.98,0.068,False,2,189.16
c13d3b7d-5926-43f0-ba21-4de5c781f0ec,user_1776,2026-09-05T11:39:12.647053+00:00,none,0,574.97,0.021,False,1,281.3
81a512b1-b260-4c7d-add0-810d67ec578d,user_1031,2026-09-09T22:23:27.641334+00:00,none,0,262.88,0.027,False,2,246.38
67bdd53c-853d-4e3d-a29e-f2f8cd5123b5,user_1907,2026-08-24T18:19:24.650674+00:00,none,0,786.19,0.072,False,2,1309.75
86286a00-621d-4af0-b1a2-9b32e9ec4f85,user_1663,2026-09-05T11:42:14.649319+00:00,none,0,533.28,0.091,False,1,1251.93
d02ae230-0355-4f64-b2d1-1b2504c184dd,user_1791,2026-09-05T01:43:28.640393+00:00,none,0,213.21,0.088,False,1,598.46
d5ec4064-36e9-477f-a384-d4fa18a2adaa,user_1738,2026-09-07T12:48:46.645265+00:00,none,0,723.68,0.056,False,2,286.35
34b46e6a-4720-494b-b92a-ac749489bf69,user_1164,2026-08-25T15:38:14.648508+00:00,none,0,256.72,0.097,False,1,236.4
bb3d9775-8cb3-4913-b794-a3995d4e291d,user_1579,2026-09-18T15:28:38.637105+00:00,none,0,312.48,0.043,False,2,103.95
00d53043-4e7c-4834-8083-324f39eef963,user_1782,2026-08-31T10:26:54.637338+00:00,none,0,545.69,0.079,False,1,1118.12
82e1355b-dc61-418d-9718-3a1d0d8dfceb,user_1173,2026-09-10T13:21:34.658110+00:00,credential_stuffing,1,778.34,0.049,False,17,0.42
316f7b94-70da-4665-abef-39b88afbd5d9,user_1562,2026-08-26T08:24:11.645692+00:00,none,0,109.93,0.048,False,2,290.17
f60b9ecd-3a5b-40cc-b8ec-6f87ff3549b6,user_1702,2026-08-27T05:50:51.640138+00:00,none,0,830.8,0.089,False,2,995.57
2e86d9ef-b267-4177-a4ff-7a275e02927f,user_1659,2026-09-18T03:08:36.654121+00:00,impossible_travel,1,3738.61,0.027,False,2,4.71
0f7521d3-bb43-4080-aaa9-9a3fda6efbae,user_1710,2026-09-04T23:43:29.644034+00:00,none,0,639.32,0.076,False,2,841.33
477989d7-60b4-41d8-acc6-554a5f06b526,user_1188,2026-09-19T12:24:41.645412+00:00,none,0,112.54,0.023,False,2,1354.53
12c8bd63-5ac4-404f-9b4c-d92de967eb5c,user_1763,2026-08-24T11:42:04.654788+00:00,impossible_travel,1,6445.75,0.008,False,2,2.39
886b94d2-f829-4803-82e7-6f01bf665816,user_1519,2026-09-10T07:28:03.638456+00:00,none,0,139.26,0.048,False,1,507.41
01f79340-cd1c-4a33-9ab3-1ed24689bd1a,user_1500,2026-09-02T18:21:53.652760+00:00,none,0,626.81,0.065,False,2,1060.68
d315d16a-a105-4467-b1b9-018c4b673fbf,user_1418,2026-09-04T10:59:38.637611+00:00,none,0,288.95,0.01,False,1,478.27
6c99ffc1-9bcf-4020-9e4c-701768307e3c,user_1421,2026-09-01T15:20:15.657892+00:00,credential_stuffing,1,728.13,0.043,False,18,4.56
b33ccba0-646f-4849-a0c9-6761bfb847f7,user_1984,2026-09-04T20:20:06.651066+00:00,none,0,163.31,0.071,False,2,564.56
e62b5c6c-0767-4e38-b53c-985b52b9971f,user_1180,2026-08-22T19:12:32.656015+00:00,device_takeover,1,248.33,0.882,False,2,0.55
471a2416-f6e9-450a-ba90-63c906d3b56d,user_1231,2026-09-07T08:30:17.653653+00:00,none,0,8.88,0.038,False,1,548.34
ae804beb-7691-4102-9899-489393e12e49,user_1830,2026-09-04T03:44:03.649371+00:00,none,0,149.96,0.03,False,2,294.52
b5a29698-9c75-43f3-a174-132ebc9f9408,user_1897,2026-09-18T14:10:08.651646+00:00,none,0,446.34,0.092,False,1,999.77
10d14f3e-6d3e-4888-8591-4be083f8687b,user_1898,2026-08-25T04:27:09.656205+00:00,token_replay,1,809.3,0.045,True,1,1.33
10632432-abaa-4f80-9863-52af3c4a0a8e,user_1656,2026-09-17T13:38:57.644337+00:00,none,0,680.36,0.059,False,1,518.3
8e9d59a9-77ce-4748-b014-50982e395582,user_1915,2026-08-29T06:24:03.655975+00:00,device_takeover,1,168.33,0.709,False,2,1.76
3915aec8-169d-4b02-8e04-7d9ddb143327,user_1535,2026-09-08T01:58:04.646265+00:00,none,0,493.92,0.062,False,1,1002.43
802ae8dd-083c-46db-9d34-b1c7ab5e1ff2,user_1813,2026-09-17T19:24:06.645912+00:00,none,0,741.28,0.027,False,1,1058.72
66af806d-c6b3-4c8b-94c4-14198d6a2b70,user_1699,2026-09-17T04:08:11.636034+00:00,none,0,548.22,0.017,False,1,239.48
f72c3863-8167-4c66-a278-913383d71ff1,user_1729,2026-09-01T19:41:59.654931+00:00,impossible_travel,1,3152.0,0.1,False,1,4.79
605fe92f-1549-4bfb-b59d-6a2ec7c608cb,user_1755,2026-09-20T04:02:49.652008+00:00,none,0,449.82,0.066,False,2,492.64
0061306d-4876-4760-a8ee-9a0ae09083ce,user_1652,2026-08-31T22:03:25.639325+00:00,none,0,326.98,0.08,False,1,1372.25
1b454458-5e6a-439f-a256-8446434420a1,user_1727,2026-09-07T15:41:54.645392+00:00,none,0,544.85,0.04,False,2,1125.7
cc2a227a-bc1e-4bfc-a4a2-333b8481069d,user_1921,2026-09-14T18:23:25.651087+00:00,none,0,46.69,0.024,False,1,712.43
7c91273d-37dd-4d0b-bb05-7980dae6b4ea,user_1871,2026-09-12T23:49:10.639425+00:00,none,0,640.63,0.093,False,1,1143.95
4b4541dd-f497-4d84-9f0b-e6f9381b9c20,user_1923,2026-08-21T19:05:34.644789+00:00,none,0,539.83,0.088,False,1,138.73
76edc0df-8732-4df8-9293-9225daf0d616,user_1280,2026-09-10T11:22:41.643427+00:00,none,0,685.07,0.017,False,1,707.54
cd05a342-223c-42b1-a758-d0d122390bc7,user_1868,2026-09-05T06:35:25.646810+00:00,none,0,233.69,0.058,False,2,1335.4
e597d53c-715b-4204-ab46-e1cf6135a072,user_1236,2026-08-25T19:53:46.645934+00:00,none,0,346.8,0.019,False,1,822.99
67534816-7b1c-48ab-8213-4bf30ba42ae3,user_1270,2026-09-16T16:44:10.637369+00:00,none,0,141.35,0.017,False,1,229.62
31a4c918-1760-4a2a-8735-f733e47f5297,user_1353,2026-09-03T06:57:53.649307+00:00,none,0,370.74,0.006,False,1,360.33
ee168aec-def0-45ad-846d-58e25d2ca33c,user_1631,2026-09-06T02:41:35.639787+00:00,none,0,534.35,0.051,False,2,1022.04
0ee4f8b6-bfe5-4d0e-a0fa-6b1a72bde92b,user_1779,2026-09-09T16:40:22.648382+00:00,none,0,288.42,0.09,False,2,402.7
796e1971-edf2-4229-a4d3-8efbc48cfeea,user_1633,2026-09-04T05:02:09.645743+00:00,none,0,837.76,0.1,False,1,90.78
125830c2-e8bd-4cc0-bd76-bd926dfd6518,user_1037,2026-08-29T08:07:24.647023+00:00,none,0,348.83,0.086,False,1,10.9
19d81300-c846-407e-943e-0808a0989e69,user_1502,2026-08-30T09:35:04.656713+00:00,token_replay,1,610.96,0.023,True,1,2.17
cf15a190-386e-47e0-8765-a024e9e7ec3c,user_1614,2026-08-30T03:10:47.645975+00:00,none,0,840.17,0.09,False,2,1217.37
153ea140-a3d1-4ba4-b0d6-cc3846a0c62f,user_1450,2026-09-01T07:34:34.646573+00:00,none,0,795.96,0.077,False,2,667.03
a2d256f7-e837-4944-80fd-66fbfb40c212,user_1959,2026-09-13T02:57:52.644167+00:00,none,0,35.95,0.093,False,1,1115.2
f7ebeed2-0585-481e-b715-1532cad3f2c5,user_1349,2026-09-12T23:55:52.638528+00:00,none,0,333.05,0.072,False,1,1272.6
7e9cde09-e6ac-4283-8ec3-d0bbf91a26d7,user_1311,2026-09-16T23:53:45.655841+00:00,device_takeover,1,237.35,0.906,False,2,1.35
53cacc1b-89bf-40f8-9bea-7301fb9f088e,user_1564,2026-09-16T22:09:34.650231+00:00,none,0,825.57,0.051,False,2,597.68
43c326e4-74b3-4993-9e7d-f930a87f84c6,user_1419,2026-09-13T03:28:57.637850+00:00,none,0,67.35,0.078,False,2,490.84
05e08930-8df3-423f-b815-b5f2bdb9376d,user_1826,2026-08-28T12:43:53.648040+00:00,none,0,623.12,0.021,False,2,755.63
e6180224-16db-4e71-91d6-54cff8c37755,user_1697,2026-09-05T06:27:47.647299+00:00,none,0,269.76,0.079,False,2,1323.05
c8f62fa6-4647-469d-b15f-849dfd447c9f,user_1248,2026-09-20T04:55:20.645722+00:00,none,0,871.95,0.058,False,2,992.86
93b8410a-8a8e-49f7-ac49-00132f58f944,user_1168,2026-09-01T01:20:27.643516+00:00,none,0,17.21,0.022,False,1,308.06
0b0a016f-6838-42ff-aa0c-6bd259ff1fab,user_1047,2026-09-01T04:12:54.641942+00:00,none,0,62.03,0.047,False,2,1115.01
5a2f6426-8369-42a4-86b1-cf1475dcb159,user_1429,2026-08-30T23:19:38.652017+00:00,none,0,617.19,0.04,False,2,472.92
a7e6abbb-873a-4fb2-9fc7-c489a59c4f09,user_1949,2026-08-22T17:03:32.655496+00:00,device_takeover,1,110.42,0.743,False,2,4.47
1ade64e4-63db-401d-8539-125130546b4e,user_1091,2026-09-11T12:21:55.643092+00:00,none,0,397.54,0.091,False,2,1068.26
5fd2efd0-00eb-4e7c-ba6a-bac02af3aa0b,user_1016,2026-09-12T04:18:53.638285+00:00,none,0,238.83,0.013,False,2,759.93
5961bc28-a632-4375-88de-9182703f46f5,user_1684,2026-09-14T16:45:04.655870+00:00,device_takeover,1,469.59,0.772,False,2,3.31
245b3095-01c5-4081-a9ba-8b5a54f22b31,user_1610,2026-09-19T20:19:57.646022+00:00,none,0,465.85,0.099,False,2,14.43
42b22029-c100-4590-8aab-b4b7c0555cc0,user_1287,2026-08-25T06:38:59.640757+00:00,none,0,507.16,0.003,False,2,27.47
834a1d95-cd1c-4c16-87a1-ad6430dbee4f,user_1345,2026-09-02T05:36:44.637008+00:00,none,0,250.43,0.095,False,2,367.01
ab91ebe4-0191-46c3-8992-d9dac8471222,user_1591,2026-08-27T10:55:53.647433+00:00,none,0,762.12,0.024,False,2,594.55
fecc3900-fa61-46f0-8bd1-5c2d18b87662,user_1934,2026-09-15T08:06:16.652902+00:00,none,0,781.53,0.017,False,2,127.99
c4909fbd-152c-4fb9-a3a6-58ab674061d0,user_1679,2026-09-13T06:06:39.637826+00:00,none,0,445.8,0.004,False,2,1253.02
70828262-a454-4a14-b151-c96080cb6a73,user_1324,2026-09-03T03:04:48.640855+00:00,none,0,95.9,0.001,False,2,643.2
402a5e6b-62ad-43fc-a8ce-39156f143a07,user_1096,2026-09-11T15:41:38.656068+00:00,token_replay,1,452.92,0.07,True,2,3.7
59b51ee2-5ae8-422e-bbc6-51e8b10dcc04,user_1439,2026-09-10T08:30:05.641512+00:00,none,0,445.24,0.032,False,2,489.68
1afd32ad-c570-4ca8-bd1d-16e521ea5667,user_1780,2026-09-05T22:23:14.656622+00:00,token_replay,1,831.13,0.007,True,2,1.88
8054005e-0980-4d09-ab6f-b37b8807b65d,user_1116,2026-09-15T21:48:14.643874+00:00,none,0,683.39,0.022,False,2,514.62
66440562-6178-4540-bf4a-5c53d8115b09,user_1513,2026-08-26T17:52:53.651900+00:00,none,0,491.99,0.008,False,2,1334.68
b07aedf5-6138-4781-95ab-a6c54aeeeba7,user_1236,2026-09-18T03:20:56.656785+00:00,token_replay,1,541.34,0.033,True,1,4.11
f74dbc6c-3335-4d36-b65b-5fcecbf29895,user_1453,2026-09-13T13:42:30.650642+00:00,none,0,693.14,0.072,False,1,126.66
1b216643-d4cd-4518-86d1-7b1da9a7e4fa,user_1565,2026-09-12T20:45:17.641165+00:00,none,0,297.89,0.043,False,2,337.71
9c169cc1-452b-4e5d-a223-658667fa97db,user_1238,2026-08-22T10:20:18.642609+00:00,none,0,196.93,0.053,False,1,481.04
17b0eefd-7e8c-4124-b6d8-11af1a74e2e5,user_1989,2026-09-09T16:27:58.638093+00:00,none,0,774.13,0.072,False,2,1393.03
deac6a66-28e6-4489-a453-4957e9b49ceb,user_1903,2026-08-27T11:57:22.640537+00:00,none,0,419.4,0.08,False,2,1097.94
0deb08ea-8e01-4647-bb8d-9f8a19cce819,user_1557,2026-09-01T19:49:28.642880+00:00,none,0,166.39,0.089,False,2,272.75
73b0bb25-001c-408e-9e3b-3c9a2e367bf2,user_1712,2026-09-09T20:09:37.652540+00:00,none,0,547.26,0.038,False,2,268.39
7109d808-4c3f-40d3-9358-e29ad2469281,user_1110,2026-09-01T08:51:07.655062+00:00,device_takeover,1,691.39,0.76,False,2,0.32
75a56c39-c1ce-4336-8fb6-4fa1f1de8e6f,user_1345,2026-08-30T17:37:01.650512+00:00,none,0,102.57,0.023,False,1,702.93
456245e1-fe89-4d51-9332-f19d1e5992e0,user_1184,2026-09-06T22:43:15.654412+00:00,impossible_travel,1,1189.43,0.016,False,1,4.09
cfb6220e-f024-4840-82ba-24fdc4139f8f,user_1693,2026-09-11T21:42:29.647674+00:00,none,0,281.94,0.001,False,1,1198.47
982cd996-7973-48ae-a8a7-dc39c0ffc8cf,user_1654,2026-08-25T17:25:22.645497+00:00,none,0,278.7,0.035,False,1,1159.76
5f07605b-cdb2-4db9-a3a1-9f21e2d6847b,user_1514,2026-08-24T10:00:22.656297+00:00,token_replay,1,139.53,0.009,True,2,0.71
8225e2b3-2ca6-4203-9935-afb84e55130d,user_1610,2026-08-29T03:59:56.647253+00:00,none,0,292.84,0.01,False,2,257.81
f6b12f83-e1c0-4b60-9fd7-5cf58d8ab295,user_1261,2026-09-16T06:54:05.651055+00:00,none,0,138.8,0.095,False,1,89.54
301b6101-15e2-4feb-97fe-c2c4837e9069,user_1509,2026-09-19T18:37:25.643833+00:00,none,0,92.38,0.041,False,1,1190.18
e1e91601-7388-4055-908b-a9426f734a45,user_1322,2026-09-08T09:15:37.637644+00:00,none,0,290.95,0.097,False,2,1246.15
4cf90bcc-cc71-48ae-927e-966925bad1da,user_1368,2026-09-18T10:01:07.653021+00:00,none,0,872.64,0.074,False,2,340.16
b7cbd9e6-abd4-40b8-979d-5c0a13168e39,user_1023,2026-08-24T02:03:02.652028+00:00,none,0,706.82,0.092,False,1,1407.34
f3d9c15b-5045-412b-b839-c6da7e085e6e,user_1170,2026-09-11T21:08:57.645965+00:00,none,0,494.97,0.05,False,1,771.15
6e02a0c4-d883-45a1-b335-220202a082b7,user_1568,2026-08-26T18:17:22.640880+00:00,none,0,367.24,0.003,False,2,800.31
6ee083d2-b6b4-420c-bd93-19242a75855c,user_1655,2026-09-08T05:18:37.643537+00:00,none,0,694.12,0.062,False,1,954.93
656e105a-9894-4f45-817b-5968960674d5,user_1335,2026-09-08T15:21:01.651784+00:00,none,0,47.93,0.08,False,1,1226.91
63cd39e9-89cf-48ec-9eb6-0b972be248ae,user_1819,2026-09-13T09:05:24.645275+00:00,none,0,425.69,0.001,False,2,721.92
27c59944-0e77-457e-931a-10fd9aa317b4,user_1066,2026-09-14T21:16:17.651751+00:00,none,0,129.99,0.092,False,1,280.06
26664080-50ec-4789-821f-ec4956477404,user_1428,2026-08-31T23:56:04.643308+00:00,none,0,349.45,0.004,False,1,497.44
82af4bf8-e098-4914-af0a-83d28afc3586,user_1564,2026-09-14T08:07:55.639460+00:00,none,0,550.75,0.009,False,2,576.36
881a5b62-3f88-4b24-a2df-ffe0e38b3d0e,user_1661,2026-08-29T17:03:35.646594+00:00,none,0,81.4,0.05,False,1,1122.48
d398ce0e-24ef-4446-935e-dc7e04cded88,user_1414,2026-08-22T10:04:36.650307+00:00,none,0,653.32,0.03,False,2,996.1
3086993f-04c9-4bc5-a794-dda44f9afc89,user_1437,2026-09-17T20:46:42.657110+00:00,credential_stuffing,1,726.66,0.055,False,19,4.29
401c0a75-9873-4828-ad17-9096f97b7526,user_1723,2026-09-10T06:03:11.636916+00:00,none,0,57.81,0.041,False,2,601.64
dbf26b9c-e016-4e10-a6a0-70795107d62e,user_1713,2026-08-24T15:48:33.636393+00:00,none,0,595.68,0.049,False,1,430.78
62b42c88-b84e-47ed-9cce-061d7655ffde,user_1175,2026-09-10T18:08:37.656057+00:00,token_replay,1,312.87,0.029,True,2,3.67
c08fb0c9-1e92-4e0e-a2b7-9ac6c3d6fef2,user_1681,2026-09-13T22:22:53.657446+00:00,credential_stuffing,1,544.99,0.08,False,20,1.57
aa4f6b3e-a4c5-4f4e-b4db-73b6ec71b40d,user_1723,2026-09-06T21:56:08.637391+00:00,none,0,632.69,0.045,False,1,1330.81
e3f1442f-408a-4a75-afcc-91df425507e2,user_1559,2026-08-23T15:49:38.647443+00:00,none,0,330.27,0.098,False,2,1016.51
bc536426-2e2e-427b-8a44-86f25be77f06,user_1404,2026-09-01T04:33:54.649100+00:00,none,0,625.53,0.098,False,1,97.86
db97d319-6bfb-42bd-90ae-4a9b7837b29f,user_1919,2026-09-11T22:59:43.648423+00:00,none,0,259.54,0.096,False,1,241.44
97c10b4b-0f76-4382-b277-639202cfa4d8,user_1736,2026-08-24T07:12:42.656612+00:00,token_replay,1,305.36,0.072,True,1,1.39
9cc8c6c9-2d03-4786-98dc-343dcbde95a6,user_1019,2026-09-07T13:43:57.651121+00:00,none,0,498.67,0.059,False,1,358.46
2428b398-cd23-4852-9e96-3038da87f61f,user_1545,2026-09-02T01:20:43.652826+00:00,none,0,527.47,0.073,False,1,161.81
9b9d4a7f-1cd8-4682-b3d3-452b2e448ee9,user_1421,2026-08-24T03:58:20.637920+00:00,none,0,613.62,0.018,False,1,118.32
58d5b649-adb5-4ba2-8cd9-ed156c75dc98,user_1675,2026-09-05T19:11:19.644474+00:00,none,0,624.11,0.015,False,2,1164.05
c57d8ed1-8d75-4f1c-b149-14b03db6e48a,user_1829,2026-09-05T02:58:46.639414+00:00,none,0,601.06,0.071,False,2,1284.06
e6413c40-a822-4a58-b420-1bf095c41c04,user_1242,2026-08-30T03:53:23.649664+00:00,none,0,349.62,0.091,False,2,1335.97
682113c3-bb46-4fd0-a686-2bf01e8c6785,user_1763,2026-09-20T06:49:57.653805+00:00,none,0,642.74,0.07,False,2,355.46
c443ab38-9e56-485b-8dc2-e9eab7eb59d2,user_1856,2026-09-18T23:59:51.657048+00:00,token_replay,1,243.27,0.059,True,2,4.14
2cd6e6cf-cb41-4b4c-8d12-e52674ed528b,user_1225,2026-09-04T21:31:57.654380+00:00,impossible_travel,1,3419.14,0.058,False,2,0.78
9057b271-9146-460f-b674-18f793668203,user_1696,2026-09-03T06:26:04.651308+00:00,none,0,172.36,0.082,False,2,1165.07
466cb938-5eea-4335-8519-470cdfee55cc,user_1515,2026-09-06T08:29:53.645044+00:00,none,0,305.97,0.012,False,2,1262.22
f93a797a-e7e4-4b56-a85a-d06f8396919a,user_1908,2026-09-18T02:38:24.645702+00:00,none,0,777.29,0.022,False,1,343.61
f224be38-2d21-44e8-9f7a-db648bde9dd1,user_1479,2026-09-07T09:26:53.640059+00:00,none,0,173.53,0.011,False,1,1054.16
74c7a470-bb45-4c2e-b972-eb128aef4e02,user_1007,2026-08-22T19:47:12.657556+00:00,credential_stuffing,1,533.74,0.067,False,24,1.9
ee091090-1def-4663-b1f7-7d9e090aee05,user_1628,2026-08-28T04:53:50.642804+00:00,none,0,634.05,0.043,False,1,876.5
42a994da-0cbe-49c5-98af-cd2c0cca53ff,user_1042,2026-08-22T03:02:11.646532+00:00,none,0,661.8,0.038,False,2,570.61
df958640-d896-488d-a248-bdd3cae3fc70,user_1631,2026-09-08T02:40:23.647161+00:00,none,0,821.58,0.039,False,2,1136.9
2f335742-d621-433a-bdf3-b787df86ddc2,user_1150,2026-08-21T15:21:47.657235+00:00,credential_stuffing,1,590.38,0.023,False,30,0.19
2694e68b-870d-4326-b098-d142559b1db3,user_1995,2026-09-14T04:27:00.652435+00:00,none,0,298.84,0.064,False,2,1408.46
80207bd9-c54c-4fe8-b240-15db79d7b485,user_1526,2026-09-03T11:42:42.653838+00:00,none,0,857.24,0.042,False,2,249.64
9a8e82bc-00f2-4d2a-8a9e-15b440dde812,user_1531,2026-09-01T11:22:17.650833+00:00,none,0,784.81,0.058,False,2,1434.99
798ea607-7780-438d-93f1-418bfbf29df1,user_1861,2026-08-25T02:21:08.656504+00:00,token_replay,1,234.24,0.061,True,2,4.3
17549934-a519-4ef0-9be1-32bf210cf9ac,user_1612,2026-09-18T16:53:06.637539+00:00,none,0,800.48,0.073,False,2,42.12
f68b0d40-193f-4dbb-a966-0cf8213d8ae0,user_1862,2026-08-29T17:52:19.641301+00:00,none,0,557.47,0.087,False,1,700.41
6a307646-913d-4f15-ba78-00a1a9cb992c,user_1045,2026-09-01T02:39:11.640371+00:00,none,0,395.07,0.054,False,1,206.09
f247cdd4-89e3-47a0-9ec3-fd0d62491393,user_1770,2026-08-27T03:37:58.651097+00:00,none,0,346.54,0.012,False,1,461.81
578ed030-2915-44e0-9ef8-fb35b27bb854,user_1196,2026-09-08T16:06:38.639899+00:00,none,0,251.11,0.03,False,2,1111.64
08c6ad1e-41e2-41ab-845f-8f1085b0b7ea,user_1858,2026-08-31T00:30:36.649120+00:00,none,0,652.68,0.028,False,2,1090.29
2b30dbef-1a1d-45ac-8d62-5e8eed5df9b2,user_1637,2026-09-15T10:00:39.655632+00:00,device_takeover,1,546.57,0.829,False,2,1.87
2434f8ce-6dd2-427e-a86f-c116b4970ac5,user_1315,2026-08-30T02:02:39.652319+00:00,none,0,47.17,0.0,False,2,1105.81
ba347393-a909-4b49-8fea-ffcf4b5326ad,user_1253,2026-09-06T20:14:17.645453+00:00,none,0,398.84,0.013,False,1,46.0
535a5a13-df6f-4e87-9f45-a78b7297de11,user_1619,2026-08-26T19:19:14.648639+00:00,none,0,849.06,0.091,False,2,575.5
51d2158d-2667-492b-82ff-40d4a68c956c,user_1925,2026-09-03T23:03:57.647486+00:00,none,0,481.53,0.001,False,2,740.67
0667939b-3d0b-4b05-8536-867838afe3ac,user_1483,2026-08-22T05:28:10.656633+00:00,token_replay,1,593.07,0.058,True,2,0.65
2ff476d9-89c3-4d0a-96ab-1a934de634a5,user_1964,2026-08-23T21:52:14.657663+00:00,credential_stuffing,1,383.85,0.044,False,14,4.16
abfde3fe-b583-41f6-978a-555413b0abbc,user_1310,2026-09-18T23:36:58.656569+00:00,token_replay,1,580.6,0.089,True,2,0.21
f1b6241a-daa3-49f6-87ed-387f7b9e0c76,user_1192,2026-09-15T10:55:43.646457+00:00,none,0,118.39,0.003,False,2,874.04
5ea42b43-42bc-4874-b1fb-5f1c72e60a4a,user_1370,2026-09-09T10:19:09.657401+00:00,credential_stuffing,1,410.24,0.075,False,13,3.47
2cb76b59-b7e1-476c-ab78-56e3b6659490,user_1783,2026-09-07T04:20:42.648759+00:00,none,0,443.75,0.097,False,2,838.83
22f6db64-a0cc-452f-bcb6-24b36ea642d3,user_1717,2026-09-15T07:17:19.639843+00:00,none,0,171.71,0.044,False,2,222.3
99740dd7-1e1a-4870-a353-c599f8af57a0,user_1157,2026-09-19T05:41:06.650085+00:00,none,0,72.96,0.083,False,2,656.57
4ad4a879-bb17-4fd1-886d-1754e9b27548,user_1516,2026-08-29T18:37:31.639732+00:00,none,0,687.96,0.028,False,1,189.63
3d9a7692-c4ce-435d-87c6-c6b42484546a,user_1515,2026-09-15T17:38:58.654878+00:00,impossible_travel,1,5519.59,0.078,False,1,2.94
52755125-2e48-4659-8606-a5b255345af6,user_1913,2026-08-30T00:39:28.651277+00:00,none,0,605.02,0.035,False,2,1192.41
6c8fb613-71a7-444c-914d-c5c226c2a43c,user_1876,2026-08-28T20:13:57.655341+00:00,device_takeover,1,855.5,0.805,False,2,2.06
d3a9b501-bb07-4bd0-94d7-103cc0c677a3,user_1693,2026-08-25T02:29:36.637953+00:00,none,0,142.18,0.044,False,2,1422.28
76ca6055-180c-4c4c-ab87-03f5ebf933a5,user_1863,2026-09-17T22:09:14.636058+00:00,none,0,206.14,0.003,False,2,580.67
9d91dd9b-e106-455a-a515-f281414215fd,user_1428,2026-08-25T11:23:01.657368+00:00,credential_stuffing,1,659.74,0.085,False,26,3.99
5f623575-a649-4130-a178-6896f5c2dfe5,user_1579,2026-09-18T06:11:08.638006+00:00,none,0,819.56,0.075,False,2,1118.19
1eed125b-7686-41d6-9455-baebdc517e24,user_1915,2026-08-30T09:21:07.643672+00:00,none,0,859.58,0.027,False,1,539.71
13995cb7-cce3-4d73-a631-618e0588d0c2,user_1004,2026-08-24T13:32:48.648072+00:00,none,0,212.08,0.012,False,1,893.15
59491382-b6e6-495e-9f32-ec495571ff54,user_1101,2026-09-04T08:41:05.639049+00:00,none,0,712.24,0.014,False,2,1321.46
d158c00a-9fc3-4a53-a1ba-39c65fb6cc41,user_1130,2026-09-08T00:50:31.651361+00:00,none,0,840.21,0.086,False,2,280.31
c6bdba63-8ca5-43ad-b925-3e6f738c27d9,user_1642,2026-09-01T00:38:21.653377+00:00,none,0,220.5,0.012,False,2,706.18
8d1c3697-9beb-44f9-aa9b-5995bd7fd6b1,user_1640,2026-09-08T03:06:29.646363+00:00,none,0,790.81,0.089,False,1,1359.84
1142c447-a6c0-4384-ae6b-29baf3fa2629,user_1844,2026-09-11T09:17:09.643914+00:00,none,0,645.11,0.011,False,2,71.73
b37323a8-2b92-433f-891a-da86b39b49e6,user_1905,2026-09-03T16:01:48.639025+00:00,none,0,837.42,0.041,False,2,725.38
971ae5c6-e6f7-4fc8-b3f2-527fb87d42f4,user_1660,2026-09-13T03:59:54.645754+00:00,none,0,631.2,0.079,False,1,705.05
bcab02bd-be25-47df-bebc-0a2e99e0fef2,user_1219,2026-09-02T10:20:46.645999+00:00,none,0,689.14,0.093,False,2,521.61
6ad11408-9beb-4c6f-b5c4-a7c65045abb7,user_1589,2026-09-07T17:12:22.656036+00:00,device_takeover,1,214.89,0.86,False,2,1.13
d20d5a61-0405-4de3-8f15-863271a3f87a,user_1781,2026-09-12T03:12:51.637575+00:00,none,0,423.45,0.065,False,2,265.44
de94c6bd-6768-4756-a45b-e498708fd4b3,user_1684,2026-09-19T17:54:07.646275+00:00,none,0,338.95,0.091,False,1,371.58
738ac03a-f590-4e68-b04d-72b53f19ac96,user_1665,2026-09-15T10:36:19.656433+00:00,token_replay,1,300.14,0.01,True,2,2.83
ba0080d3-75e4-41a8-a49d-2e6a08d13943,user_1970,2026-09-09T23:41:36.642554+00:00,none,0,518.12,0.098,False,2,514.14
8c4f3128-07d5-496a-b481-e32c4e20e5ba,user_1099,2026-09-01T12:23:43.639743+00:00,none,0,335.88,0.099,False,2,1088.38
2826990b-56e6-4b52-a02b-1d8bc59ec2d2,user_1784,2026-08-22T11:29:02.653130+00:00,none,0,58.2,0.034,False,2,943.37
1046bf5f-c1eb-4399-b790-cbcb8410ba3f,user_1021,2026-09-12T00:30:22.656102+00:00,token_replay,1,876.93,0.088,True,1,3.4
41645ec2-5e99-4e22-9130-992423254f22,user_1117,2026-09-04T06:00:02.649329+00:00,none,0,152.8,0.054,False,1,666.4
3b83369a-35f8-4ecd-a2af-104ccf52d0e1,user_1161,2026-08-30T10:20:16.642663+00:00,none,0,712.66,0.096,False,2,254.98
b7aac6de-babf-4b9b-aa33-720bf6166fac,user_1599,2026-08-30T11:29:00.637592+00:00,none,0,571.31,0.049,False,1,679.46
1a60d268-bd71-46fe-944e-219ad39e111d,user_1274,2026-09-07T19:09:45.655364+00:00,device_takeover,1,276.66,0.971,False,2,3.37
8662326b-56b0-4323-ba67-dc2be7441a46,user_1713,2026-08-22T08:25:40.642102+00:00,none,0,36.3,0.084,False,2,217.84
ada3d31d-66dd-46dd-b103-61a8160ff57b,user_1589,2026-08-30T19:10:26.638629+00:00,none,0,516.06,0.071,False,2,420.45
0c763168-4956-490e-a915-7d58545a07f4,user_1634,2026-09-17T05:59:35.644464+00:00,none,0,810.11,0.032,False,2,476.18
fe4f8337-dadf-42e7-90d2-6b291b20ea7d,user_1764,2026-09-11T09:45:54.645130+00:00,none,0,449.1,0.02,False,1,1257.39
a238aa43-d84d-44c2-bf8d-fac071f79a56,user_1915,2026-08-22T15:37:15.655175+00:00,device_takeover,1,178.7,0.917,False,1,1.62
1cbe4c04-f92e-4c89-b62f-6b760b8fa6ba,user_1036,2026-08-22T15:01:45.647507+00:00,none,0,674.48,0.073,False,2,93.13
0d16fb64-b882-4ba5-ba38-69599a5a89f8,user_1888,2026-08-24T02:58:29.640746+00:00,none,0,427.95,0.005,False,1,987.16
2ad271df-7f78-4db2-ae7a-bbacefe00346,user_1597,2026-09-05T16:51:20.639810+00:00,none,0,717.08,0.073,False,1,861.57
9e9e50ba-97d5-4473-a4d8-56c2a259540b,user_1326,2026-09-20T02:37:32.655684+00:00,device_takeover,1,645.12,0.764,False,2,4.49
6d61bd49-546b-4562-b9f2-174327243185,user_1330,2026-09-09T16:38:04.639516+00:00,none,0,311.42,0.094,False,2,1218.91
37dd79eb-3606-451e-bbce-e1f642dd6ea1,user_1475,2026-08-24T01:00:04.650241+00:00,none,0,731.54,0.036,False,1,1108.01
74ba5c57-03af-43a0-b35c-65b4eb733048,user_1449,2026-09-12T01:25:48.657566+00:00,credential_stuffing,1,457.8,0.059,False,13,1.16
6086e614-8e69-4928-9deb-e18e69df05ca,user_1246,2026-08-24T02:18:27.636212+00:00,none,0,852.25,0.009,False,2,1175.99
4bc78de0-b1e6-4ba9-9418-1790ecdaacf8,user_1030,2026-09-12T21:52:07.656653+00:00,token_replay,1,208.53,0.067,True,2,4.67
a9fe7ca7-9046-4980-b12c-bd8a2ef8aab7,user_1546,2026-09-09T23:09:51.644368+00:00,none,0,122.74,0.039,False,2,1382.79
9cdc0c76-b232-4ed4-9026-9fe169beeaa5,user_1639,2026-09-19T07:31:18.647528+00:00,none,0,258.13,0.008,False,1,1226.82
6ae8bc04-0671-40c4-bdc9-fb01844f3ff6,user_1148,2026-09-14T07:52:28.638263+00:00,none,0,486.19,0.08,False,1,953.62
ef3808e4-8a83-4f35-83c0-49f260caf5bd,user_1339,2026-08-30T17:48:33.641087+00:00,none,0,95.35,0.01,False,1,737.82
deaeb672-91ef-476c-8fca-26dfd4339045,user_1567,2026-08-25T10:02:04.642826+00:00,none,0,238.74,0.028,False,1,142.64
f14ddde3-8194-4fcb-bd52-c96dedd04f9d,user_1024,2026-08-29T01:41:43.646840+00:00,none,0,562.91,0.012,False,1,1152.37
4c218165-d558-4b2b-9adc-e9c0a97521af,user_1139,2026-09-16T12:41:10.647398+00:00,none,0,123.5,0.081,False,2,1287.29
d4f053ac-e6ba-4d24-bef2-4084f06cc191,user_1400,2026-08-23T04:04:39.641804+00:00,none,0,570.86,0.083,False,1,450.09
d28bcef1-d6c0-4d1c-b9c0-58b65fc9c5c7,user_1798,2026-09-10T05:37:37.643196+00:00,none,0,771.4,0.065,False,1,391.13
635ebccb-2ac7-47e5-8bf3-0c5e0c3e433b,user_1447,2026-09-03T10:04:47.655165+00:00,device_takeover,1,821.34,0.871,False,1,2.8
0ee66ca7-93bc-462d-808a-49adeedba8ef,user_1850,2026-09-17T07:50:03.649162+00:00,none,0,448.32,0.003,False,1,554.08
c924aeae-d355-4408-8750-5042cd1a01e8,user_1752,2026-09-10T15:26:44.655900+00:00,device_takeover,1,625.47,0.723,False,2,0.3
92ce1124-eb87-4a88-880e-e74be8a654d4,user_1021,2026-09-02T07:11:37.645774+00:00,none,0,322.35,0.013,False,1,701.41
e0091c26-9055-45c5-943e-ffbfab1f8b40,user_1603,2026-09-07T03:12:38.635944+00:00,none,0,728.49,0.001,False,1,1006.83
4a0a4e88-563e-47c3-b059-ef42724e4df6,user_1162,2026-09-12T03:46:08.650501+00:00,none,0,745.15,0.089,False,1,1162.78
ac0d43d3-8e34-4878-9a5f-46053484cc47,user_1632,2026-08-30T19:37:03.649815+00:00,none,0,540.35,0.015,False,2,249.13
ec4beb88-5ed8-4653-878c-6794d72bbc55,user_1624,2026-08-30T20:28:32.641401+00:00,none,0,149.38,0.014,False,1,1172.42
05d76eb4-7b79-4597-8b0d-ddaa2b0b9125,user_1730,2026-09-04T11:18:21.639765+00:00,none,0,723.57,0.052,False,1,874.98
7e489836-3053-47c1-9da7-f4296038ad98,user_1389,2026-09-15T22:38:37.635974+00:00,none,0,323.08,0.034,False,2,1163.23
f7b905ad-cf20-436c-8a86-91303a35b8e0,user_1235,2026-08-27T08:28:42.638606+00:00,none,0,502.85,0.067,False,2,108.43
59be1c8d-c2a0-4ffa-836e-30eaebecf53f,user_1641,2026-09-15T22:37:56.651446+00:00,none,0,25.09,0.043,False,1,855.28
1ffa05e6-437d-47f1-a823-82820a4a13f6,user_1483,2026-08-25T22:29:35.642272+00:00,none,0,321.69,0.058,False,1,1402.66
1b11e670-0e06-4617-aa9b-fc661a695039,user_1797,2026-09-12T11:26:15.638677+00:00,none,0,68.74,0.063,False,1,1305.0
0dc8741e-95d8-4134-8a75-156ee251284e,user_1497,2026-08-28T06:30:11.636371+00:00,none,0,192.37,0.04,False,1,241.25
03d89f7f-96bf-4011-a641-2d07bdc66479,user_1510,2026-08-31T15:19:14.642216+00:00,none,0,794.5,0.048,False,1,406.48
196118b9-a0bf-499e-82a3-89a210fb53c5,user_1662,2026-09-04T09:25:53.638836+00:00,none,0,59.32,0.009,False,2,412.75
1eca3161-f71e-4bb7-bbdd-334addfbef0e,user_1512,2026-08-29T09:44:01.646331+00:00,none,0,504.62,0.071,False,1,360.01
558f1e9d-c746-490e-a57c-e22a71e5ac81,user_1593,2026-09-03T13:38:54.648844+00:00,none,0,740.98,0.001,False,2,540.28
312c21a5-a6f9-4962-946a-a3b75d04d6e3,user_1258,2026-09-10T13:43:13.652227+00:00,none,0,455.46,0.046,False,1,921.77
257d7a29-c0dc-4882-9dce-89521f1640de,user_1212,2026-08-23T22:47:49.656754+00:00,token_replay,1,744.82,0.05,True,2,3.09
a7a05e60-3fe4-4f91-8276-b25f523a2f82,user_1158,2026-09-02T14:36:56.645733+00:00,none,0,693.72,0.025,False,2,136.16
b993045c-bd48-4860-9a5b-0b83c6bbd016,user_1100,2026-09-14T21:09:41.651910+00:00,none,0,64.21,0.004,False,1,483.94
efdb2e6a-2d05-4529-80a1-45439ff34bfe,user_1934,2026-09-09T17:58:59.654504+00:00,impossible_travel,1,1216.01,0.043,False,1,1.77
17817388-bdd9-463a-8f9b-d290dafe73e7,user_1918,2026-09-06T16:37:51.657840+00:00,credential_stuffing,1,377.63,0.045,False,17,3.31
d6436230-331b-4fab-84d1-d11ec6f7b20a,user_1503,2026-09-05T01:45:39.643802+00:00,none,0,216.8,0.097,False,1,732.44
7f0cfbdd-3f70-48c3-baf4-aecebcc80cc9,user_1880,2026-09-12T20:38:53.649688+00:00,none,0,824.3,0.063,False,2,1137.67
9ec30af5-f131-4833-8317-27e93e29af5d,user_1220,2026-08-23T07:40:52.639681+00:00,none,0,317.61,0.005,False,2,862.44
a92a35cd-8a94-46a8-9744-43a40cd5c31f,user_1933,2026-09-02T18:52:36.644127+00:00,none,0,679.6,0.055,False,1,1118.77
853b400f-45ab-4d15-8d8d-4992613d88e6,user_1112,2026-08-29T18:16:06.652882+00:00,none,0,510.38,0.021,False,1,89.64
b9c5932f-d5ae-4483-8a0c-4717ab69ca32,user_1173,2026-09-02T03:44:29.640913+00:00,none,0,152.55,0.027,False,2,712.63
f7dfe4ef-94ca-45a5-92f4-78f669eb145d,user_1918,2026-09-02T13:24:05.643061+00:00,none,0,18.21,0.082,False,2,451.21
ca6d73e7-ddff-4258-8231-4cdcd3165cd1,user_1203,2026-09-16T07:58:11.657779+00:00,credential_stuffing,1,855.75,0.086,False,16,0.02
81439a86-160e-4747-9586-1041abe359e3,user_1199,2026-08-27T08:13:40.643384+00:00,none,0,107.83,0.068,False,2,597.81
cf30ce47-ae12-492e-a5cb-562c9f288801,user_1112,2026-08-24T00:33:43.649255+00:00,none,0,607.52,0.066,False,2,687.93
2202a608-fcc5-4459-a294-e809b7ef2620,user_1367,2026-08-28T00:30:31.647882+00:00,none,0,76.38,0.063,False,1,205.82
00b4b0be-3099-4083-90bc-979d43e80f3d,user_1410,2026-08-26T04:51:56.638665+00:00,none,0,70.78,0.087,False,2,322.96
18bdefe7-553c-4f86-927e-8e150494294b,user_1425,2026-08-30T03:46:17.648672+00:00,none,0,259.77,0.081,False,2,1050.55
53b1b89b-eec7-47e7-98cd-f8f99c225956,user_1585,2026-09-05T15:29:32.650980+00:00,none,0,504.94,0.012,False,1,281.13
d0fbce38-9b8b-480f-8e4a-c6105aa0f756,user_1728,2026-08-30T23:21:32.650813+00:00,none,0,745.59,0.008,False,1,614.71
01de8c9a-a56c-4764-8a4b-5f97c73e41d4,user_1118,2026-09-07T22:59:19.636671+00:00,none,0,160.71,0.096,False,2,59.9
86ba55e8-4aef-4952-9bea-b1e226426646,user_1951,2026-09-03T00:25:23.636201+00:00,none,0,790.85,0.083,False,2,348.61
1e0cf25e-b501-47c7-a18f-22b7b17e30cd,user_1530,2026-09-03T01:49:22.637669+00:00,none,0,560.37,0.05,False,2,1095.59
7eecf0ca-41da-4456-894b-fdf103b8a007,user_1960,2026-09-16T13:24:48.642154+00:00,none,0,524.09,0.026,False,1,36.28
b39d47b9-8fd7-4e43-b40b-196388bd4eae,user_1961,2026-09-03T00:12:31.645402+00:00,none,0,673.11,0.052,False,2,599.07
a7293ee4-8e1b-4c4c-8945-b09b1e660a90,user_1511,2026-09-15T16:42:17.652414+00:00,none,0,641.28,0.079,False,1,366.53
82acbbb8-655e-4334-9c87-791b3ca7b4b7,user_1769,2026-09-08T15:16:16.636884+00:00,none,0,755.88,0.028,False,2,904.38
38f5fa4e-c41f-4070-a22e-7feefb14b50f,user_1882,2026-09-13T10:08:41.654575+00:00,impossible_travel,1,8000.06,0.015,False,1,1.95
b7067cfa-b0f4-4487-91fd-5b60198475b0,user_1703,2026-08-22T03:09:44.654422+00:00,impossible_travel,1,2690.63,0.014,False,2,1.23
838a9245-b4c6-4737-be1c-bb84d7244b8a,user_1921,2026-08-29T12:57:39.656092+00:00,token_replay,1,127.65,0.001,True,2,2.14
e253da62-8735-4501-9d2c-5818f2b90939,user_1282,2026-09-05T14:56:19.656225+00:00,token_replay,1,171.52,0.058,True,2,4.17
af285e46-dc0c-4b87-8c20-d8cf41cc9ec9,user_1826,2026-08-27T20:52:45.653673+00:00,none,0,85.99,0.035,False,2,796.46
5ee4f085-56c5-43c6-97a7-186a1a159f9b,user_1359,2026-09-19T05:14:13.648961+00:00,none,0,81.7,0.085,False,2,1366.52
7809fa39-84cb-4bbe-b916-c61f1197b266,user_1522,2026-08-30T00:18:05.640216+00:00,none,0,727.82,0.045,False,2,660.51
d67ab9b9-385f-49f2-a819-d89777a7d405,user_1439,2026-09-11T00:09:32.654069+00:00,impossible_travel,1,5265.04,0.078,False,1,3.51
e4f15b82-6ed6-4152-89fd-69c8393a5f57,user_1541,2026-09-11T07:17:07.656723+00:00,token_replay,1,77.42,0.002,True,1,1.02
781287c7-f886-4839-be3f-5ef67d2d0c83,user_1608,2026-09-10T02:42:26.647706+00:00,none,0,855.44,0.064,False,1,128.96
dbd57989-2f9f-4323-a705-e51e6234b8b4,user_1799,2026-09-17T01:06:48.647746+00:00,none,0,249.56,0.006,False,2,482.36
8d5d934c-0f62-45bf-803d-77eb95c93d1f,user_1008,2026-09-07T01:21:29.650685+00:00,none,0,810.19,0.061,False,1,1009.92
26cad5a6-e0bb-4393-b360-a5bb923af7e7,user_1470,2026-08-22T12:50:32.651246+00:00,none,0,295.61,0.091,False,1,932.65
20205d8f-cf32-463f-99ce-bf62ef44d593,user_1767,2026-08-25T04:39:56.655321+00:00,device_takeover,1,89.73,0.833,False,1,3.34
f7f8ea5e-c534-4c36-90b4-e79f7071d26b,user_1810,2026-08-22T07:22:42.643843+00:00,none,0,866.85,0.064,False,1,944.35
65139a76-21f0-42ef-93ae-e9b9c3ca4207,user_1836,2026-09-20T11:48:47.640238+00:00,none,0,671.22,0.058,False,1,613.01
a0181a5e-d036-4186-940e-16d0eb61358b,user_1769,2026-09-09T05:41:04.636798+00:00,none,0,605.52,0.022,False,1,216.45
60363fc2-1de9-4668-9868-819978a4d34d,user_1169,2026-09-07T18:30:46.636237+00:00,none,0,474.91,0.061,False,1,1337.99
7b68fd2f-ae18-488e-9402-420ae8ac23f2,user_1880,2026-08-31T16:38:18.652099+00:00,none,0,351.99,0.099,False,1,774.81
7be23f4e-44cc-4549-8773-80c3a9135b8d,user_1652,2026-09-01T11:52:25.642038+00:00,none,0,67.35,0.057,False,2,955.61
35311a9a-d20e-46ae-b692-882c9859ef3b,user_1594,2026-08-26T18:33:43.656403+00:00,token_replay,1,335.8,0.062,True,2,0.27
35b4844f-c1bf-4c5f-a2e2-dd3612528997,user_1341,2026-09-14T06:54:37.636547+00:00,none,0,573.4,0.026,False,2,796.66
8a268c5c-bb45-486b-b48c-9eef51234d9d,user_1560,2026-09-08T08:51:53.643557+00:00,none,0,426.96,0.015,False,1,437.1
78074665-a9d9-4b14-8b74-399cc495b59b,user_1639,2026-08-22T06:17:18.639549+00:00,none,0,303.86,0.092,False,1,1189.21
7875ef08-6bc2-4f01-9391-2067114491b0,user_1759,2026-09-03T22:42:36.644410+00:00,none,0,190.56,0.091,False,1,235.97
95a7b51d-af5d-4016-b70c-b1ab233acb2a,user_1914,2026-08-29T10:13:01.643406+00:00,none,0,128.9,0.086,False,1,1122.78
37d8049f-ce48-4c1b-89bc-23b357b32216,user_1300,2026-09-03T01:59:27.635999+00:00,none,0,519.62,0.07,False,1,953.91
adfd70a7-f8a8-4fa8-a9eb-1e1e3836e751,user_1266,2026-09-03T02:46:30.645319+00:00,none,0,324.28,0.056,False,2,498.84
d267d43d-3323-43ce-8372-a0d402d347e0,user_1940,2026-09-18T09:57:48.647943+00:00,none,0,218.41,0.065,False,1,252.18
649a800a-e3a5-4684-b07f-e5e460d1f0a5,user_1404,2026-09-03T21:12:55.639931+00:00,none,0,859.15,0.08,False,2,65.37
bf339605-557e-4da3-acf4-6a577bc1c9f2,user_1209,2026-09-05T09:16:32.636458+00:00,none,0,214.82,0.04,False,2,661.12
2f1c56cb-c1f0-41b7-b21b-fab14ac3ad73,user_1117,2026-09-11T21:43:21.655664+00:00,device_takeover,1,728.14,0.829,False,1,1.79
3742c100-ed0d-41b3-b577-e6bf46bb0331,user_1663,2026-09-04T01:45:47.637115+00:00,none,0,11.39,0.042,False,2,156.45
90db9df7-6a28-458e-801a-1f0f5a8bac4d,user_1663,2026-09-08T03:35:27.640072+00:00,none,0,646.74,0.001,False,2,1139.75
5ca4f69c-f0d1-4017-b53c-efe545500dad,user_1041,2026-08-28T18:58:34.648260+00:00,none,0,660.13,0.05,False,2,767.16
ca2d7da0-73fc-4f0b-89d2-01c66d7f304b,user_1487,2026-08-27T07:11:28.638792+00:00,none,0,135.77,0.006,False,1,1168.74
8ff29f6b-a3cc-4920-bfd4-2573daf0d3ae,user_1359,2026-09-20T08:12:45.638506+00:00,none,0,163.27,0.014,False,2,104.86
e15a5316-9f9c-4bdc-9852-c07759756ab7,user_1048,2026-09-01T13:03:59.655789+00:00,device_takeover,1,268.6,0.995,False,2,4.24
74092493-c8f8-4523-9c18-e48dec295b08,user_1311,2026-09-19T05:49:08.648897+00:00,none,0,670.01,0.012,False,1,1234.53
5cf64280-520d-4278-a434-1e6bcde43949,user_1123,2026-08-26T11:34:25.645212+00:00,none,0,414.06,0.069,False,1,972.34
5540690c-9a54-4a80-b4ea-ebb8d13fcbf4,user_1010,2026-08-31T01:20:58.653784+00:00,none,0,609.33,0.093,False,1,693.31
971daae5-0e15-425a-89bb-331cacebb804,user_1817,2026-08-28T21:17:28.653737+00:00,none,0,452.01,0.028,False,2,752.05
ad4bbb94-54ad-4a21-83bd-90d08d73ea62,user_1026,2026-08-31T00:30:17.654689+00:00,impossible_travel,1,4345.16,0.07,False,1,2.38
7955ece6-c37f-4434-a4f3-8a4a5a49dc2a,user_1095,2026-09-18T12:10:43.642016+00:00,none,0,829.15,0.09,False,2,1010.72
043003ef-bec1-4354-b684-5a566518b97b,user_1903,2026-08-24T05:38:44.638724+00:00,none,0,578.69,0.099,False,2,1245.19
a3c8a509-3bf3-4558-a7ff-a694e4040450,user_1687,2026-09-16T07:37:50.643620+00:00,none,0,816.19,0.084,False,2,219.02
9146ca4e-3b9e-49c9-b62f-c162ad506bcc,user_1688,2026-09-15T17:52:30.652925+00:00,none,0,8.56,0.027,False,1,959.74
c42711a2-f9e9-486e-8b8e-a50b67beb4f7,user_1266,2026-09-12T04:45:20.642124+00:00,none,0,27.97,0.04,False,2,802.79
b395e615-342c-45d2-b164-c8c28c0d14e6,user_1942,2026-09-03T09:46:14.657527+00:00,credential_stuffing,1,854.93,0.091,False,30,2.25
8181f866-685d-4958-a2cc-578560bd714f,user_1891,2026-08-28T14:23:52.643159+00:00,none,0,528.19,0.035,False,1,1207.03
dffa4507-c3d8-47da-9828-2ddcddf67eed,user_1680,2026-08-31T18:04:29.650960+00:00,none,0,348.51,0.09,False,2,781.33
92b41fa6-02c6-430d-9f7a-9f8d3704f07e,user_1302,2026-08-22T08:02:22.648209+00:00,none,0,141.11,0.079,False,1,834.6
1bb883df-f9f0-4d36-9181-511b5c731784,user_1456,2026-09-10T16:19:42.650697+00:00,none,0,798.82,0.062,False,2,1005.87
8e798488-c37c-47e9-94f4-ec8a0c35d1a9,user_1242,2026-09-12T17:59:53.636604+00:00,none,0,878.59,0.081,False,2,40.57
9a175aab-68db-4301-8735-9e1583917919,user_1016,2026-09-15T02:34:54.650252+00:00,none,0,666.46,0.046,False,1,1214.58
0af97a48-6fba-48a6-91bb-159d2c91d1a2,user_1279,2026-08-30T11:32:26.636962+00:00,none,0,437.08,0.039,False,2,1044.2
2d00127b-4518-4b59-8834-b7d941915d6b,user_1467,2026-09-04T02:12:08.643853+00:00,none,0,327.01,0.005,False,1,1216.6
2577b7ca-ad21-4aa4-b07b-00680ce79ab1,user_1359,2026-08-29T22:22:57.639303+00:00,none,0,38.12,0.087,False,2,887.31
41853d7f-9b8e-4d18-9673-3c0ef41a8f0e,user_1980,2026-09-16T09:31:29.648627+00:00,none,0,878.26,0.039,False,2,460.98
93b57cf3-96c5-46ee-ba4e-518ed26fdda1,user_1540,2026-09-03T01:48:59.640184+00:00,none,0,70.29,0.056,False,1,1194.29
557c6051-b59e-4a74-abb2-16ea7b534777,user_1166,2026-08-23T09:38:59.648790+00:00,none,0,52.66,0.032,False,1,517.85
986221ec-4511-4d24-a992-62aef810e76e,user_1168,2026-08-27T18:42:40.649244+00:00,none,0,387.61,0.031,False,2,704.5
d03d5cde-9690-4c99-8617-a040c97ea3f5,user_1448,2026-08-24T12:00:55.645784+00:00,none,0,265.24,0.07,False,1,818.22
85fb3e9e-c2c8-4f68-9019-a0817427fd55,user_1456,2026-09-15T00:33:03.653076+00:00,none,0,433.95,0.054,False,1,308.7
8efc8d76-974f-4e44-a232-c1e630fa3852,user_1461,2026-09-08T19:12:17.637159+00:00,none,0,675.43,0.057,False,2,487.73
39f60f63-4a43-44d8-b531-6aebbbdb4d4b,user_1991,2026-09-17T19:11:18.636404+00:00,none,0,521.26,0.054,False,2,87.03
b0ed5ce0-7d4f-40db-965a-242d94b2406e,user_1830,2026-08-24T07:34:14.637327+00:00,none,0,854.21,0.009,False,1,174.98
73d53e86-897d-4a0c-b77e-f6584722a488,user_1097,2026-09-05T11:10:52.638396+00:00,none,0,384.09,0.067,False,2,1373.41
86a64d5c-5664-422b-978c-03087e3d9847,user_1106,2026-09-14T02:51:57.636515+00:00,none,0,238.02,0.089,False,1,395.82
258866b2-f0b9-46b0-a89e-738bb6646c49,user_1800,2026-08-28T02:38:01.642249+00:00,none,0,309.63,0.057,False,2,562.33
bd759381-2d38-48dc-ae70-c1845497ed03,user_1523,2026-09-15T00:35:21.636693+00:00,none,0,346.68,0.058,False,2,68.69
97312948-f3a6-4cb7-af36-fdf03f5234b4,user_1646,2026-08-23T15:08:59.655425+00:00,device_takeover,1,705.85,0.953,False,2,4.19
b2b1875e-481f-4864-b205-0d6ff623727f,user_1053,2026-09-14T22:36:26.653367+00:00,none,0,882.25,0.065,False,2,1396.56
6a9cc939-4cd8-491f-9113-54b7221cc262,user_1475,2026-09-05T23:14:57.638147+00:00,none,0,584.32,0.012,False,1,1362.89
19bd3675-d0bc-4089-97f6-ed31b7a691ce,user_1234,2026-08-23T17:10:15.637557+00:00,none,0,528.41,0.002,False,2,831.91
fe755680-5792-4f58-8e5b-ae4a4db0500d,user_1542,2026-09-05T20:03:36.646342+00:00,none,0,300.21,0.039,False,1,31.36
6fb33d06-fe0f-44c4-9290-658dd0918006,user_1510,2026-08-31T01:23:49.645243+00:00,none,0,189.48,0.07,False,2,528.89
bd837bd3-a1a5-494b-ae24-c4be09bbee21,user_1806,2026-08-23T00:10:18.637405+00:00,none,0,595.06,0.093,False,2,169.7
cba86f61-cb22-4fa3-9f48-9e1d287eddb3,user_1151,2026-09-20T08:51:58.636830+00:00,none,0,803.39,0.086,False,1,1122.03
dfcd29ef-5fbd-4846-a128-2358df340abc,user_1780,2026-08-31T11:22:24.658017+00:00,credential_stuffing,1,18.14,0.074,False,27,3.02
2cdcaa7f-fa39-4d6c-8d73-aba95ee774dd,user_1484,2026-09-03T17:31:08.653293+00:00,none,0,681.94,0.039,False,2,410.19
ff2ea0a9-64f1-43fd-b385-e3351434c102,user_1904,2026-09-13T10:09:29.642206+00:00,none,0,31.18,0.062,False,1,933.84
0d0a8efc-d18d-496e-9d97-43dfb7fff572,user_1485,2026-09-14T03:40:46.654658+00:00,impossible_travel,1,9288.14,0.006,False,2,1.8
6cf52814-6508-446c-9766-3bf8e439b21c,user_1241,2026-09-12T05:40:01.647242+00:00,none,0,596.35,0.008,False,2,169.05
ccdd451e-2460-45c3-9490-e0d94af8c842,user_1891,2026-09-02T01:37:47.637931+00:00,none,0,557.74,0.024,False,1,338.19
66cb938d-9e1a-4891-b856-df550207ae5b,user_1864,2026-09-15T17:29:19.638911+00:00,none,0,456.92,0.054,False,1,954.87
8086caa8-eac5-4a62-8bf9-102712843f1a,user_1351,2026-09-15T07:54:34.641154+00:00,none,0,609.43,0.016,False,1,745.45
9a173da8-d51a-469e-948a-538e16f1a390,user_1769,2026-09-08T13:45:32.653000+00:00,none,0,331.59,0.062,False,2,743.9
294745e6-6b55-41b7-b552-53893af79a0f,user_1654,2026-09-17T16:36:19.645900+00:00,none,0,324.83,0.074,False,2,1184.61
626986a8-713c-4979-8ef2-b4da019d0bff,user_1280,2026-09-16T18:00:34.649698+00:00,none,0,740.88,0.094,False,2,1062.51
c947dbbd-7790-449a-bff6-8bf4034176ed,user_1083,2026-08-28T19:22:45.637018+00:00,none,0,17.44,0.054,False,2,326.76
b1a8f716-8d73-4d64-b97a-535f6021f9e6,user_1801,2026-08-31T18:48:00.657880+00:00,credential_stuffing,1,54.72,0.077,False,18,3.37
597cde6f-67f4-4ea0-9c56-afc419c757d4,user_1378,2026-09-09T06:40:29.644609+00:00,none,0,38.53,0.021,False,2,561.91
78cfe1ac-2f78-4118-997d-29ff2bc01908,user_1098,2026-09-02T19:12:29.650169+00:00,none,0,461.39,0.049,False,2,688.69
3427c270-f50f-4bcf-acc0-5fb89bdcf430,user_1026,2026-09-05T11:52:11.637072+00:00,none,0,518.22,0.091,False,2,574.2
a5919f52-8c1b-448e-89ae-f5252b6b2c81,user_1298,2026-09-17T06:45:02.641023+00:00,none,0,737.07,0.08,False,2,970.72
121bb3ce-c19f-47c3-b700-b3edf136dfb0,user_1215,2026-08-30T18:28:13.636762+00:00,none,0,707.18,0.061,False,2,672.26
8abccbaf-30e8-4714-a0e3-f5e0756b638b,user_1192,2026-09-17T07:21:20.655953+00:00,device_takeover,1,250.05,0.749,False,2,4.76
c75b707a-d07e-4b2b-bb43-0350e0ab2c44,user_1952,2026-09-04T04:09:24.649942+00:00,none,0,790.11,0.013,False,2,1024.22
8bed87c8-1ee0-4886-9757-a1df1b2bbc2c,user_1961,2026-08-23T20:58:28.646542+00:00,none,0,534.43,0.053,False,1,752.13
a058f163-5986-4dae-b489-686e456923c3,user_1888,2026-09-19T12:35:46.655114+00:00,device_takeover,1,857.38,0.905,False,2,1.26
16fabc62-8f71-429f-802f-e41e57c299be,user_1847,2026-09-09T17:39:48.654679+00:00,impossible_travel,1,1502.79,0.014,False,1,1.89
1da2b4a3-394f-41c7-b885-2febaad94119,user_1699,2026-08-24T20:28:11.654163+00:00,impossible_travel,1,7934.17,0.013,False,2,3.71
df3691c6-9228-4f32-a77a-d43c39ae722d,user_1259,2026-09-07T22:53:11.644877+00:00,none,0,769.48,0.042,False,2,883.05
42d7e38d-151c-4ac4-851a-4053344d5ce5,user_1959,2026-08-30T12:49:57.647310+00:00,none,0,646.01,0.092,False,1,841.21
248d5fc0-a726-4f6d-9f02-e467f177e3ce,user_1720,2026-09-10T17:03:04.640515+00:00,none,0,356.97,0.024,False,2,1117.86
c9a22435-0930-4b1f-8175-fdbbade143eb,user_1462,2026-09-18T19:30:38.638758+00:00,none,0,51.2,0.083,False,1,930.1
8538e286-16bd-4e63-83b5-7a60e56222d2,user_1127,2026-09-07T04:52:30.652913+00:00,none,0,57.84,0.003,False,1,690.78
87f2ed7a-98da-4939-b9b0-3635a98b5df0,user_1369,2026-09-17T08:28:27.639129+00:00,none,0,858.06,0.054,False,1,565.3
5fbf6971-c492-496c-bca4-47de3e875cdf,user_1560,2026-09-11T20:54:40.649440+00:00,none,0,792.81,0.063,False,1,832.77
9084b500-83b9-4b10-9290-eb1a4634c622,user_1277,2026-09-05T18:05:04.637238+00:00,none,0,226.26,0.012,False,1,457.81
8437687a-4c9a-40c0-aa9d-1cf91aeefc54,user_1980,2026-09-15T09:38:15.654019+00:00,impossible_travel,1,8134.42,0.013,False,2,2.5
4d8f4c60-85da-40cd-95d0-71d5f14a3f81,user_1648,2026-08-23T01:18:42.643933+00:00,none,0,110.9,0.089,False,2,949.89
e7f19b24-d11a-40d2-9e03-82165fa32cef,user_1897,2026-09-14T06:38:35.638922+00:00,none,0,537.52,0.015,False,1,1197.98
49ec2250-5a91-43c7-809d-fce2f55c7b82,user_1448,2026-09-13T19:54:59.652268+00:00,none,0,423.71,0.028,False,1,249.8
4a5a862e-d918-4192-8eac-ed1d9b117181,user_1111,2026-09-05T13:26:22.658099+00:00,credential_stuffing,1,299.19,0.081,False,12,0.48
591d4b7a-e5b6-440d-8696-df95a7edf539,user_1606,2026-08-24T05:45:43.636985+00:00,none,0,596.7,0.008,False,2,199.73
651050e1-9472-44cd-9d47-26bcef995c8c,user_1484,2026-08-31T21:04:01.636304+00:00,none,0,171.37,0.01,False,2,513.42
ec2d5277-40f4-41d0-a298-c69858f55cde,user_1218,2026-09-15T11:57:39.652382+00:00,none,0,320.92,0.017,False,2,943.48
d97b113d-6387-460e-abf7-13b66e90f28c,user_1240,2026-09-03T01:54:15.654648+00:00,impossible_travel,1,1025.79,0.099,False,1,1.81
6d0dd18d-cb6c-411c-b398-6f89d0455203,user_1414,2026-09-11T16:25:28.641188+00:00,none,0,167.75,0.066,False,2,46.89
a10a7db3-b9ad-4593-b12f-c541e3a8a417,user_1011,2026-08-24T18:25:26.644389+00:00,none,0,787.29,0.014,False,1,12.22
006d8a7e-2686-4fdc-91bc-ab559457942d,user_1823,2026-09-04T08:14:02.656143+00:00,token_replay,1,407.35,0.073,True,2,3.32
802f56d0-6643-433e-adb5-2699cc04f08f,user_1496,2026-09-01T05:06:00.653031+00:00,none,0,665.28,0.079,False,2,619.06
0082c6d9-94c1-40d7-b85e-82a56745fe25,user_1654,2026-09-15T05:36:58.635704+00:00,none,0,22.51,0.028,False,1,205.24
67bac3e3-aada-4eda-b409-a376f41c05dd,user_1641,2026-09-04T09:50:08.651456+00:00,none,0,756.46,0.025,False,2,347.05
3ec0a296-bf41-4646-bb5a-b04420f758c2,user_1295,2026-09-18T08:11:44.648498+00:00,none,0,133.5,0.028,False,1,892.73
043ae270-e005-4ed1-8dc8-7e91a81c2e13,user_1302,2026-08-28T15:10:49.648572+00:00,none,0,806.38,0.097,False,1,1152.39
5c6de7ae-4d63-4801-9ba2-377aa1d2606d,user_1289,2026-09-11T10:42:08.649857+00:00,none,0,376.5,0.041,False,1,46.29
b6636291-ce44-49e1-ad3e-130ec3ed227b,user_1255,2026-09-14T17:56:00.636851+00:00,none,0,410.82,0.08,False,2,1368.31
2ec141a1-5195-4a5e-9f51-52511832c491,user_1348,2026-09-03T09:26:26.650522+00:00,none,0,692.44,0.077,False,2,1291.22
0f087fd7-ac06-414d-b739-ca81b277b7af,user_1177,2026-09-14T09:45:02.643967+00:00,none,0,93.2,0.066,False,2,728.4
b65a2c9b-d966-4502-be1e-4db88857c8d7,user_1417,2026-09-02T10:45:03.657307+00:00,credential_stuffing,1,423.62,0.097,False,29,0.16
e88c3761-b616-4469-b6ed-4ee0723c113a,user_1016,2026-09-18T20:10:06.647912+00:00,none,0,305.36,0.034,False,1,586.9
9bf821c2-06ac-4c82-a5d0-300ab4470580,user_1410,2026-08-21T20:00:16.644961+00:00,none,0,590.56,0.029,False,1,1362.1
2f63a4c0-1643-432a-af94-e1ddf5fb86f2,user_1505,2026-09-04T01:53:45.657577+00:00,credential_stuffing,1,43.46,0.052,False,26,2.9
dbe7e38c-4382-462c-9485-e037ea60bdf3,user_1237,2026-08-26T23:53:15.650436+00:00,none,0,197.73,0.091,False,2,1327.69
c5091bef-4488-4978-8705-83d1a14ee194,user_1146,2026-09-02T05:59:29.653716+00:00,none,0,510.8,0.027,False,2,1020.27
f31c6fce-ad6c-4c06-ba6c-2c2b115046d7,user_1512,2026-09-02T11:17:03.652699+00:00,none,0,442.31,0.093,False,2,1397.66
171e2c43-54c9-44ff-8838-9fcb6c9c8edc,user_1982,2026-08-31T22:16:12.640690+00:00,none,0,413.1,0.024,False,1,435.46
097beb3e-638d-4441-ad43-a99c651b829d,user_1566,2026-08-22T18:13:37.655291+00:00,device_takeover,1,146.39,0.831,False,2,4.23
9d8d2f67-a6ef-4134-919e-721a8cfa2c50,user_1439,2026-08-31T13:40:10.650632+00:00,none,0,826.22,0.09,False,2,1359.27
bb85f843-efe4-4495-8af9-840ba538e4b8,user_1327,2026-09-13T17:20:52.651076+00:00,none,0,371.54,0.032,False,2,1356.16
d0d88e35-def2-4660-bafc-c790e723cf0a,user_1791,2026-09-05T23:57:25.637094+00:00,none,0,765.26,0.06,False,1,1147.59
b6070a03-39d0-46e6-abf9-b1f2d1f97592,user_1574,2026-09-01T18:14:26.644096+00:00,none,0,213.84,0.078,False,2,999.36
3ae42307-3afd-4d1a-8db7-b80dbabc9db6,user_1908,2026-09-01T00:02:35.650707+00:00,none,0,697.86,0.088,False,1,58.05
ca88cd04-213c-43fc-aa3c-d03ab1a9d2ce,user_1245,2026-08-26T13:25:55.645559+00:00,none,0,688.08,0.091,False,2,413.51
6285a5b5-6d54-4585-a7c3-584d6be8bd86,user_1806,2026-09-15T09:23:09.636627+00:00,none,0,344.29,0.004,False,2,324.19
3bf9392e-78d4-4267-a219-8bbd7c0223f3,user_1699,2026-08-27T11:38:22.645836+00:00,none,0,689.16,0.015,False,2,467.93
b0bf55ee-4942-4a5f-80f4-3d8afa0f709d,user_1980,2026-09-05T04:28:31.651225+00:00,none,0,795.54,0.095,False,2,1410.78
15ff9a13-b0be-4702-9af8-6cb384dc024a,user_1882,2026-09-18T14:02:26.638618+00:00,none,0,392.6,0.046,False,1,1242.13
c899f875-adde-49da-897b-a9f736576c0e,user_1208,2026-09-07T16:10:59.637684+00:00,none,0,494.3,0.093,False,2,1269.01
96350fd7-9c28-4c9d-9353-a7838b782621,user_1663,2026-08-24T12:17:17.648356+00:00,none,0,634.39,0.056,False,1,203.61
3ba39a10-3b40-440d-9c78-77a679b4be0d,user_1676,2026-08-31T06:52:32.640334+00:00,none,0,553.43,0.094,False,1,350.36
e831a712-4bb2-494a-936a-23a9bba10863,user_1618,2026-09-13T22:42:06.651932+00:00,none,0,898.56,0.075,False,2,17.25
704f58e9-626f-4979-a1c0-a6f3aaff614d,user_1930,2026-09-08T08:32:43.648942+00:00,none,0,38.95,0.03,False,1,1087.78
cf5ee93f-ede2-43ec-84c5-2491ab2e8992,user_1484,2026-09-03T10:08:59.656318+00:00,token_replay,1,223.86,0.068,True,2,2.11
f6d1a27a-95bb-48b2-8242-ca8350e7f5bb,user_1660,2026-09-13T11:01:43.652781+00:00,none,0,235.2,0.046,False,1,369.9
e9b0c949-212c-4b7c-98eb-39e0bc3e0c6b,user_1362,2026-08-30T13:43:34.653963+00:00,impossible_travel,1,1052.29,0.088,False,1,0.55
09bbe1f3-6f51-4cf4-8496-0fac607f2da6,user_1114,2026-09-19T20:49:07.650330+00:00,none,0,626.43,0.019,False,1,305.24
2b6b845f-67b6-4e82-b8c9-6214fe111416,user_1464,2026-09-02T22:15:57.636023+00:00,none,0,146.39,0.036,False,2,1012.11
7b255013-1120-4509-9ba8-4cb05e3492cc,user_1628,2026-09-11T01:25:36.641199+00:00,none,0,404.62,0.043,False,1,1016.3
4df60437-6523-404a-8f4a-fae5957511d9,user_1734,2026-09-04T12:50:59.644307+00:00,none,0,34.1,0.007,False,1,1144.7
02c2c258-34b7-4975-b7a3-debccdabe27c,user_1141,2026-09-08T12:03:05.638991+00:00,none,0,46.96,0.048,False,2,800.77
e01c41f7-afe9-49cb-992e-c4ef2588a6e3,user_1050,2026-08-25T00:40:57.646160+00:00,none,0,359.27,0.009,False,2,1115.44
0d4ccde9-0b1c-4ca3-b9a8-50432f7091c9,user_1389,2026-08-29T00:06:18.640526+00:00,none,0,480.29,0.036,False,2,521.09
ed4db2f9-a439-48e1-9c7a-e64dabed3e15,user_1859,2026-09-13T13:46:48.646435+00:00,none,0,654.37,0.077,False,2,1384.32
93bdf5c3-8cd5-4ee0-915c-ace9b4b71031,user_1960,2026-08-25T02:42:57.646604+00:00,none,0,121.78,0.041,False,2,40.75
c4a66c1f-fae1-4f49-86d1-4cf80f0d3ba2,user_1574,2026-09-20T06:04:19.655031+00:00,device_takeover,1,139.11,0.732,False,2,0.79
0da83f8a-3890-4b26-bad9-5d1de7423375,user_1634,2026-09-02T03:30:06.649920+00:00,none,0,272.26,0.039,False,2,194.76
551c3e40-f085-4478-ab6d-6ced2318afdf,user_1503,2026-08-31T11:04:54.641323+00:00,none,0,639.13,0.044,False,1,123.63
b716159a-bba8-4acc-a468-d310affd1df4,user_1986,2026-09-01T11:07:16.650319+00:00,none,0,724.18,0.009,False,1,24.91
f2d09184-a214-4b8b-91de-875ecb45ead0,user_1210,2026-08-27T22:57:40.655623+00:00,device_takeover,1,390.12,0.834,False,2,4.08
d86d3486-ebb3-422e-96f1-441a11fbb5a5,user_1385,2026-08-30T03:42:39.649233+00:00,none,0,413.69,0.003,False,2,1274.54
16abd086-ef5d-45c5-883c-c2a4968c8354,user_1088,2026-08-27T12:12:57.646968+00:00,none,0,789.34,0.037,False,2,315.16
f10ed9de-cbf0-4e1f-b930-59a1690c4bce,user_1411,2026-09-16T15:17:27.641780+00:00,none,0,576.48,0.054,False,1,403.17
505b641a-16a7-40cf-a672-6f3e3d289cb4,user_1991,2026-08-26T07:52:58.644633+00:00,none,0,570.21,0.027,False,2,835.34
072b838c-87e9-4d69-ba3c-4a893c3a0cf8,user_1435,2026-09-13T10:41:59.656557+00:00,token_replay,1,25.17,0.046,True,2,0.06
5e9037c4-5c53-47b5-9ccf-58f0a53be964,user_1463,2026-08-29T21:57:04.646009+00:00,none,0,863.84,0.0,False,1,1415.54
b6cf329c-534c-4402-bdff-3eb866f67fd9,user_1217,2026-09-18T20:37:07.644547+00:00,none,0,496.43,0.054,False,2,943.36
a9323382-5dc7-4a35-afc1-5bc9a315c2f7,user_1587,2026-08-30T14:39:45.642186+00:00,none,0,739.52,0.039,False,1,554.22
73d8681c-09e0-42f6-93a7-0fa36db1b7a1,user_1598,2026-09-01T17:00:03.649591+00:00,none,0,725.26,0.074,False,2,317.84
b66b5ac5-2132-4fb8-bdb3-0a95987e9ab9,user_1724,2026-09-05T04:59:37.644187+00:00,none,0,472.86,0.096,False,1,1133.28
647083de-7de6-4ae8-b587-3de3a0c699f1,user_1579,2026-09-04T08:15:12.651635+00:00,none,0,554.49,0.042,False,1,155.46
44cf7872-26db-435b-9f14-5733866a895d,user_1348,2026-09-17T23:54:27.651467+00:00,none,0,739.47,0.052,False,1,1358.99
28bdaf1b-cc8d-4f9a-a165-6cc7ec53bfbe,user_1356,2026-09-03T12:58:47.648972+00:00,none,0,144.5,0.05,False,1,729.54
ceba13a5-90f3-4f36-858f-06fc2d583ca7,user_1061,2026-09-08T02:27:23.647757+00:00,none,0,860.05,0.026,False,2,104.59
8a4f028e-b5ea-4593-99a1-19f8edd07afb,user_1158,2026-09-07T06:10:16.640323+00:00,none,0,169.63,0.088,False,1,51.23
dd801393-8478-432d-8d87-91204ffa2f3d,user_1339,2026-08-24T10:42:12.643864+00:00,none,0,690.67,0.06,False,2,1032.34
90f2ae8e-c3db-4e24-a412-3650c688ad9d,user_1648,2026-08-27T18:09:10.653119+00:00,none,0,81.4,0.069,False,1,1342.1
11e8a02f-5fa5-468a-b448-8de67eab9eb1,user_1465,2026-08-22T05:35:21.640161+00:00,none,0,336.26,0.07,False,2,1091.8
6734deb6-08c6-471d-bf36-d6ea81a405dc,user_1283,2026-08-25T19:10:48.647063+00:00,none,0,287.23,0.044,False,1,396.26
f550d8a5-af33-467b-932c-6137bb28104c,user_1361,2026-08-26T13:33:19.645098+00:00,none,0,482.09,0.07,False,2,361.25
6e6356c0-9cff-4d6c-913b-ce5f34f5468f,user_1183,2026-08-24T03:28:20.644589+00:00,none,0,853.84,0.066,False,1,1061.04
86997da8-fd93-4cb5-aa26-2be1bbe27ed6,user_1019,2026-08-27T11:27:44.647798+00:00,none,0,133.97,0.064,False,1,958.71
52f478b3-74c8-42d7-9b5f-603d0fac8a1c,user_1175,2026-09-17T04:19:20.647094+00:00,none,0,280.24,0.089,False,2,77.79
7c963173-9321-4fa9-a908-5ce31f29d25f,user_1681,2026-08-28T12:23:38.653109+00:00,none,0,856.35,0.067,False,1,1329.13
55583e3b-bc30-49a2-b0e5-4fb7e25a0ec5,user_1474,2026-09-05T18:59:18.652668+00:00,none,0,408.24,0.038,False,2,108.23
0866895c-e803-40ea-bfbd-465b824cd22e,user_1951,2026-09-04T18:55:31.653099+00:00,none,0,812.38,0.077,False,1,1037.02
707d4def-d32b-4413-a723-c155f66160f8,user_1039,2026-09-14T14:17:58.652730+00:00,none,0,346.34,0.057,False,1,1099.83
d042c1cb-40d0-46fa-9731-248904555f07,user_1237,2026-08-30T13:47:31.654391+00:00,impossible_travel,1,4317.76,0.09,False,1,2.48
30f29368-de73-4885-8d38-7fe590f9e6cb,user_1886,2026-09-01T06:33:14.650139+00:00,none,0,80.27,0.085,False,1,562.5
d9743674-f71d-49b0-bac2-6c1f6a5677bc,user_1134,2026-09-04T04:20:19.654919+00:00,impossible_travel,1,3617.57,0.062,False,2,0.2
2e12efaa-e65a-4d17-8fe9-69eaa99e1c9e,user_1502,2026-09-19T13:44:40.655516+00:00,device_takeover,1,372.37,0.846,False,1,1.05
3d0041d9-0594-4b4c-a923-5c44ce69f2eb,user_1996,2026-09-06T23:56:12.649963+00:00,none,0,673.04,0.093,False,2,1300.51
d9208684-3e54-4d27-95c9-97f9f8b66ab1,user_1272,2026-08-30T18:15:48.646193+00:00,none,0,291.07,0.092,False,1,166.48
6e2e2d04-d113-4cef-9d7d-d5b37e5f130e,user_1907,2026-08-23T16:37:16.636819+00:00,none,0,174.99,0.07,False,2,578.5
85d52062-2753-4a6a-ab12-1ba3b3b1f51b,user_1386,2026-08-21T16:32:22.649276+00:00,none,0,608.84,0.077,False,2,464.89
c423b0c3-23cb-414c-a050-f552079d8ac9,user_1899,2026-08-28T16:01:29.645433+00:00,none,0,493.59,0.003,False,2,756.92
ebd0d9ef-fe10-4080-b9be-70e68edb43e5,user_1214,2026-08-24T14:34:18.650490+00:00,none,0,42.34,0.002,False,2,517.36
dbff20ca-22bd-4a37-a333-668bd7625b22,user_1625,2026-09-11T03:03:40.643904+00:00,none,0,168.79,0.093,False,2,314.37
a3818f4c-f474-49d5-b597-6c20d7268ee1,user_1327,2026-09-02T22:02:34.653182+00:00,none,0,717.77,0.093,False,1,750.84
9f39f92a-e1d6-4f60-a685-5f7f4084ffa3,user_1854,2026-09-02T17:09:30.636571+00:00,none,0,524.26,0.015,False,1,65.02
15ef13b3-df1c-4ee0-b0d6-b2b80bc2d685,user_1230,2026-09-13T09:44:28.637422+00:00,none,0,817.57,0.083,False,1,90.58
971a6d73-d919-4d8e-b120-39c2d865d8ca,user_1781,2026-09-15T05:09:38.648920+00:00,none,0,69.96,0.077,False,2,66.01
22ad7086-b4fd-47ae-81e3-09ed30281f96,user_1452,2026-09-16T18:48:46.646703+00:00,none,0,541.09,0.001,False,2,894.36
ebfe694c-e455-4e4a-b1c8-2e3e6dc8247e,user_1316,2026-09-11T12:35:20.654830+00:00,impossible_travel,1,5965.22,0.064,False,1,1.2
e4c85dfa-7a90-4040-95ce-bb9994c77cd4,user_1503,2026-08-28T11:30:10.645527+00:00,none,0,269.65,0.077,False,2,861.7
eef8b38f-c5cb-4a13-882a-dfdf94ec1b37,user_1028,2026-09-18T02:37:36.649729+00:00,none,0,577.24,0.018,False,2,1140.11
d4d13129-7d06-48c3-bb43-f1d7d900ebb8,user_1447,2026-09-09T01:17:37.641815+00:00,none,0,52.12,0.009,False,2,171.44
439e1ed8-c399-4b8f-895b-f6d93ac5274e,user_1281,2026-09-05T05:46:25.655779+00:00,device_takeover,1,678.32,0.82,False,2,2.47
fa5e08a6-d097-46e8-8808-1e403294c6ff,user_1656,2026-08-25T06:20:07.640049+00:00,none,0,471.89,0.089,False,1,1226.27
29969e9a-dc64-432f-ad8a-341cf9f5f392,user_1890,2026-09-04T11:23:41.640490+00:00,none,0,272.87,0.091,False,1,1349.82
fe2420aa-4e39-4ed9-b67f-bd1b0964f222,user_1012,2026-08-31T16:11:12.647684+00:00,none,0,87.93,0.01,False,2,509.43
896497e0-3e19-4ade-9c8d-98e38ccf0035,user_1061,2026-09-06T20:25:35.646285+00:00,none,0,180.63,0.07,False,2,81.18
b8b00f41-33bf-4789-9a70-fa216fe5157c,user_1296,2026-09-15T06:45:06.645583+00:00,none,0,573.2,0.062,False,2,1010.18
0b020989-6922-420d-abbf-fb5b6f25e66a,user_1922,2026-08-31T16:40:12.657008+00:00,token_replay,1,634.95,0.062,True,2,0.39
99828603-447f-4cd7-8bc3-fe0801fa5f4f,user_1335,2026-08-23T09:17:56.641487+00:00,none,0,2.23,0.077,False,1,1053.89
e819450d-1604-4262-af3d-08615bc0ae24,user_1655,2026-09-09T08:31:51.652457+00:00,none,0,453.08,0.07,False,1,338.79
f98992f8-af0a-4e3e-9288-2921e2f0ce5d,user_1078,2026-09-15T12:43:51.652217+00:00,none,0,453.96,0.078,False,2,652.09
971903d6-e258-4353-9ec7-14307362a56b,user_1255,2026-08-22T02:08:09.653726+00:00,none,0,376.42,0.046,False,2,1420.26
26f1a2a5-3b69-4079-8e58-cd5478443536,user_1712,2026-09-17T18:59:54.643703+00:00,none,0,883.41,0.084,False,1,602.0
57fc7138-636a-40cb-9eff-ea14a390b30c,user_1235,2026-08-22T04:02:39.638020+00:00,none,0,721.74,0.022,False,1,895.98
e3674272-62fd-4745-9c99-884a72195f69,user_1603,2026-09-11T15:38:21.649015+00:00,none,0,395.7,0.096,False,1,1202.85
bb029729-5bbc-45c1-aa3c-6719e3b73de6,user_1553,2026-09-19T22:07:56.636360+00:00,none,0,872.1,0.093,False,1,243.66
93a1d291-64a6-418e-a3fd-c2a3b8d12054,user_1948,2026-08-30T09:23:48.644358+00:00,none,0,343.27,0.082,False,1,685.17
8b6bc18f-f26b-4c54-a81b-a82dc8ca64ae,user_1783,2026-08-23T16:35:54.636937+00:00,none,0,342.34,0.001,False,2,433.51
ff607806-7c92-41a7-9912-5bd5b7eb7d36,user_1428,2026-09-07T20:28:15.657477+00:00,credential_stuffing,1,688.96,0.071,False,25,3.71
2bc8f810-08cd-4e70-b889-8a5274a83206,user_1732,2026-09-02T18:52:44.649632+00:00,none,0,739.23,0.002,False,1,1212.51
e4cbe0c9-9dbd-46f5-a75d-349bef457ef9,user_1307,2026-09-18T19:47:07.646087+00:00,none,0,657.71,0.058,False,1,1124.47
1b15f5a2-2a32-4d35-8a30-878d3bb584e4,user_1546,2026-08-24T07:17:19.651201+00:00,none,0,62.94,0.009,False,1,1196.76
b4f036ec-378b-483a-aa0e-f2ef9e20adf0,user_1960,2026-08-25T05:55:57.656977+00:00,token_replay,1,185.27,0.071,True,2,4.49
207a54fb-8d24-48f9-8304-cc4e0f3a3bbc,user_1968,2026-09-17T10:51:52.648413+00:00,none,0,169.52,0.088,False,1,120.04
69b8b0b9-3b1f-4e8e-844a-c19add2a533c,user_1821,2026-08-28T13:07:21.649080+00:00,none,0,845.17,0.037,False,1,1438.17
fb29508b-0f55-4142-8bf2-db288cefe21f,user_1174,2026-09-13T22:49:13.655851+00:00,device_takeover,1,525.11,0.736,False,2,4.31
0143bb53-98f6-4e97-9493-edbcf9e0f394,user_1334,2026-09-13T00:43:33.657728+00:00,credential_stuffing,1,456.35,0.028,False,30,3.68
d9e1aceb-db13-4bab-a71f-c20aa498781c,user_1069,2026-09-19T23:15:21.641759+00:00,none,0,235.97,0.004,False,1,1366.36
b0e1d90a-60f1-42fd-987c-510746745cc6,user_1219,2026-09-10T19:54:00.639953+00:00,none,0,745.16,0.027,False,2,201.99
1ceadf81-d5ce-4f44-9472-81cbffb28cc0,user_1218,2026-08-28T22:53:16.649450+00:00,none,0,241.14,0.064,False,2,1346.2
bba7df6c-4ba1-4ff5-a7ba-f2b9f69bd9f4,user_1773,2026-09-10T20:58:06.636249+00:00,none,0,641.65,0.04,False,2,633.67
1f76cf93-4e43-4f7b-883a-f3fe60ce644b,user_1702,2026-08-31T17:16:24.649763+00:00,none,0,713.38,0.032,False,2,1258.48
48d0f3a2-8ec1-47f1-977f-d8bf9ccd7508,user_1567,2026-09-08T16:45:26.651709+00:00,none,0,160.69,0.002,False,2,1311.78
a80acd74-d348-4d2c-b82c-5ba5909e0cd9,user_1535,2026-09-06T13:42:22.656256+00:00,token_replay,1,561.42,0.066,True,2,2.43
15b72f13-bf8a-4784-9e11-f2ab79ec551d,user_1184,2026-08-22T01:19:01.646830+00:00,none,0,209.45,0.029,False,1,7.27
97747707-1e7c-4a2e-b8df-c4336dee73ae,user_1393,2026-08-28T04:20:53.637979+00:00,none,0,95.99,0.038,False,2,829.86
8b3e9cc5-4866-44c1-9297-085d0f46dbce,user_1387,2026-09-02T11:17:14.651761+00:00,none,0,286.16,0.043,False,1,1326.65
5b37e589-14d5-41b5-acdf-d99d36441cea,user_1887,2026-09-17T13:14:54.649548+00:00,none,0,810.52,0.041,False,2,968.85
80e68d35-a585-4cf0-adaa-3a9b114c351c,user_1412,2026-09-06T19:21:07.650149+00:00,none,0,582.45,0.095,False,1,178.06
46cf2a19-e793-4564-8d61-0474633f8c98,user_1135,2026-09-01T03:47:51.654089+00:00,impossible_travel,1,1345.3,0.099,False,1,2.13
472e167c-a297-4eca-84b5-15165567056a,user_1704,2026-08-28T12:02:40.646478+00:00,none,0,120.68,0.085,False,2,1026.75
cb1b120c-c80f-42ca-8e79-4c013acecc26,user_1102,2026-09-13T20:11:57.641672+00:00,none,0,677.2,0.059,False,2,509.45
110195a8-10b9-4d53-95cc-9badf954cf51,user_1057,2026-08-26T08:13:55.646914+00:00,none,0,269.41,0.072,False,2,801.68
822ad635-020f-4c92-bd59-9ecc04793d81,user_1660,2026-09-19T14:17:51.648454+00:00,none,0,262.37,0.006,False,1,1203.15
0c9175e6-5e2f-4751-8020-f624eaff2a5f,user_1950,2026-09-10T21:31:47.647767+00:00,none,0,549.27,0.018,False,2,160.6
db3c8283-8cc7-4a90-8f59-09d54e1a28d1,user_1569,2026-09-01T08:22:27.642982+00:00,none,0,496.85,0.086,False,2,1321.13
451dddfb-b7de-457e-b9c1-bb0ced8e7da4,user_1850,2026-08-31T16:44:53.644748+00:00,none,0,540.75,0.079,False,1,899.31
3777b29b-fe58-4e61-82fa-7fefcfe97984,user_1685,2026-09-04T05:10:39.643757+00:00,none,0,467.19,0.069,False,1,626.14
fd0a74ed-7a8b-4ce2-89d0-377bad07ad99,user_1815,2026-09-07T07:18:30.638748+00:00,none,0,532.28,0.035,False,1,450.44
f419c1b5-78d4-446e-aabf-b21d40244676,user_1152,2026-09-02T21:07:00.644557+00:00,none,0,353.25,0.089,False,2,197.12
7d79e9eb-db48-4ed3-a6c6-86529f117f85,user_1879,2026-09-05T11:35:56.658039+00:00,credential_stuffing,1,706.29,0.043,False,10,1.51
30409916-e48e-4bc8-be5d-a3277ceda66c,user_1809,2026-08-26T17:52:34.654288+00:00,impossible_travel,1,5098.97,0.071,False,2,1.52
320a4e0c-7367-4643-9c38-aaf908d1172a,user_1503,2026-09-15T12:47:32.649090+00:00,none,0,356.73,0.052,False,1,176.08
5fa0b0aa-1611-4df9-8a7f-87971244ad2c,user_1682,2026-08-28T05:36:13.652446+00:00,none,0,60.76,0.002,False,2,553.7
7bd080e4-d5d9-4df1-b804-2585ea6f9928,user_1804,2026-08-24T19:28:58.651976+00:00,none,0,681.86,0.072,False,2,493.85
8d60b8a6-5a1c-4280-9019-92e3f23b524a,user_1120,2026-08-30T11:12:10.654236+00:00,impossible_travel,1,1609.38,0.042,False,1,0.83
78b20d31-4a60-4e95-9c5d-d131e6692716,user_1570,2026-09-10T13:24:39.646715+00:00,none,0,44.03,0.015,False,2,57.69
ef70fe77-9e25-4548-81a5-29986f11f834,user_1939,2026-09-08T05:36:29.649677+00:00,none,0,270.8,0.094,False,1,431.8
06d3a7dd-006e-4f5a-88a1-76c550b66d0c,user_1342,2026-08-21T16:40:47.648114+00:00,none,0,724.64,0.076,False,1,154.84
6a3a64ad-97ee-4215-95ea-bee604b93e21,user_1751,2026-08-26T07:26:50.637136+00:00,none,0,868.93,0.027,False,2,672.09
d20f9fa9-6f47-45fb-aeb2-2ef6c72ebc32,user_1770,2026-08-23T11:07:49.653314+00:00,none,0,779.27,0.005,False,2,661.56
5f821fca-2e38-49aa-b827-f95985e3f85a,user_1490,2026-08-23T13:50:34.642768+00:00,none,0,585.87,0.069,False,1,652.6
81218a7c-ba7d-4e62-960f-d33ce87719e6,user_1032,2026-08-30T17:51:59.649219+00:00,none,0,792.11,0.012,False,2,456.39
67dd61a7-9871-4f24-9fed-13e819148057,user_1597,2026-09-19T07:59:08.649297+00:00,none,0,688.67,0.063,False,2,144.7
3a60adac-fd88-45f7-a515-df33d61364a7,user_1839,2026-09-06T16:08:56.646245+00:00,none,0,12.36,0.069,False,1,442.84
773a9e61-296c-413d-ad1f-ed9945f61396,user_1424,2026-08-31T12:56:00.646851+00:00,none,0,40.94,0.035,False,1,21.21
f5cb2e06-521a-465b-b959-fd9ec9717d78,user_1238,2026-09-17T03:24:04.647932+00:00,none,0,33.19,0.014,False,1,681.2
84739697-5529-4fe4-a060-3e2fcaefe218,user_1742,2026-08-24T14:58:52.651214+00:00,none,0,898.94,0.088,False,1,880.99
0ebcf587-c2f1-4922-9349-2d25a2079eaf,user_1048,2026-09-20T03:12:50.655810+00:00,device_takeover,1,124.86,0.998,False,2,1.13
4f327b57-eaa6-46f8-b8d5-e84dedc2f231,user_1068,2026-09-10T02:12:22.652207+00:00,none,0,817.86,0.041,False,1,1433.28
7c42a3af-2899-42b4-b063-e448641d7386,user_1200,2026-08-24T09:31:07.646180+00:00,none,0,554.4,0.074,False,1,352.72
85d189b4-0a6e-4ca6-ac24-27d048aec123,user_1608,2026-09-12T23:02:28.654699+00:00,impossible_travel,1,1271.67,0.037,False,1,1.23
cbd8e89d-9eed-47ae-bcc8-54206adb1306,user_1794,2026-08-27T01:50:34.645816+00:00,none,0,341.14,0.019,False,1,894.32
3f7da1d1-9a53-41ae-85c8-f38a44df226c,user_1868,2026-08-21T19:55:21.644578+00:00,none,0,615.75,0.076,False,1,645.33
5c3712a1-35a8-4baa-916d-0b672f6afe39,user_1610,2026-09-01T12:11:16.644400+00:00,none,0,483.44,0.095,False,2,306.43
4793ecc1-449f-4fdd-b0aa-06dcade15612,user_1722,2026-09-06T04:46:40.641256+00:00,none,0,826.81,0.059,False,1,454.42
96ddf825-a0a4-4974-a167-074c4a9140e7,user_1637,2026-08-29T10:45:01.639095+00:00,none,0,56.53,0.084,False,2,861.32
7f760fd5-e537-4289-96ef-17c7528de2d5,user_1452,2026-09-10T06:20:46.636773+00:00,none,0,460.06,0.079,False,1,950.45
07fe721c-c5ba-40ed-b5ca-7194e524d1a4,user_1619,2026-09-13T07:16:43.654545+00:00,impossible_travel,1,2602.61,0.053,False,1,3.4
59cb7cbc-9884-4eb2-82c3-19b92180fd6b,user_1351,2026-08-29T12:49:31.641131+00:00,none,0,705.84,0.052,False,2,688.29
fdf43f97-201e-497b-bba4-2ee9a6fe9265,user_1750,2026-09-03T13:00:41.640591+00:00,none,0,152.34,0.072,False,2,269.11
865a8c83-1054-4395-a59a-2f7cdfbef498,user_1935,2026-09-07T09:48:32.638067+00:00,none,0,747.43,0.026,False,2,1393.2
9197730a-e58a-4305-8c80-3e61ba0a502e,user_1676,2026-09-11T08:47:29.647872+00:00,none,0,268.98,0.039,False,1,909.94
22d93165-2968-4ba2-84a3-c5782963d35a,user_1004,2026-08-31T12:19:58.655374+00:00,device_takeover,1,29.41,0.708,False,2,4.2
06b84014-3c14-47f1-bfe5-0544144fc4d7,user_1215,2026-09-05T19:53:28.651729+00:00,none,0,410.58,0.037,False,2,953.4
d234d155-90b4-4d70-ac78-4e5e9dbfc540,user_1693,2026-09-17T22:19:34.651510+00:00,none,0,503.33,0.029,False,2,581.42
a14a43be-ac0b-4133-af25-6da376739dee,user_1863,2026-08-27T18:32:54.643071+00:00,none,0,772.41,0.068,False,1,197.84
2e3cd364-2458-415f-9ba6-ebafc0edae75,user_1754,2026-09-04T12:18:08.636615+00:00,none,0,704.15,0.041,False,1,387.87
95b7bf84-308c-4aa3-bae1-46707cecbcd6,user_1087,2026-09-07T17:23:44.650611+00:00,none,0,335.19,0.075,False,2,908.25
ec0dc64b-e361-403d-849d-e9e37873c0fc,user_1364,2026-09-13T01:26:54.646055+00:00,none,0,124.57,0.037,False,1,339.35
e706e633-c12b-4ccd-af2c-6babde0f36ed,user_1382,2026-09-01T23:53:25.652714+00:00,none,0,440.6,0.064,False,1,591.61
ac2c8aab-9cde-4208-bbef-bd6cc2b11d7c,user_1072,2026-08-31T10:22:17.656858+00:00,token_replay,1,538.33,0.061,True,1,4.44
e567487b-ebcb-40c7-bc8a-969fd92b9e47,user_1616,2026-09-11T21:04:45.639282+00:00,none,0,490.93,0.032,False,1,475.57
62b1b28f-a435-4e6a-a086-31c790018368,user_1459,2026-09-13T20:00:07.636337+00:00,none,0,379.69,0.028,False,1,1259.89
9f81afb1-eb92-4681-ba24-139feb75c423,user_1274,2026-08-28T01:40:17.657902+00:00,credential_stuffing,1,655.37,0.034,False,11,1.54
3f62ea1c-fff6-45b7-82ca-065d471f37a7,user_1563,2026-09-02T06:10:53.643812+00:00,none,0,362.95,0.023,False,2,642.41
81799ab8-aaa5-43f6-867b-e1473c48c86c,user_1199,2026-09-20T07:33:39.657654+00:00,credential_stuffing,1,439.53,0.082,False,21,1.02
1c108e3e-ec49-45b6-bb94-a48dadda4fa5,user_1932,2026-09-11T17:35:53.652185+00:00,none,0,628.67,0.01,False,1,348.96
ecd2a4ce-7c79-4786-9994-e31334b84ef1,user_1903,2026-09-04T20:57:08.647170+00:00,none,0,407.95,0.003,False,2,166.99
ffa2e92c-fdbc-404c-a40b-190bcd4348a5,user_1806,2026-08-30T14:06:50.653620+00:00,none,0,341.05,0.096,False,1,116.25
82666f30-b19d-42fb-b58b-5498490a8b4e,user_1939,2026-08-29T13:37:42.644621+00:00,none,0,793.4,0.004,False,2,153.13
3efd9c93-dd9e-489a-b670-9b7cfb9f2183,user_1128,2026-08-24T05:32:43.638239+00:00,none,0,184.69,0.083,False,1,846.46
78a8f5a7-3abf-4c3b-b60a-258b850be448,user_1462,2026-08-29T10:59:55.646552+00:00,none,0,744.31,0.004,False,1,749.34
9842e108-61a5-47ca-a415-3493222d7bff,user_1428,2026-08-22T16:26:23.641277+00:00,none,0,124.08,0.038,False,1,703.37
dbd9054c-6261-4780-8eeb-07b5cbcc059d,user_1443,2026-08-23T05:36:40.643957+00:00,none,0,434.64,0.051,False,1,997.76
a115bdca-eaa6-4ce3-a5de-9fe5aafa9821,user_1005,2026-09-20T07:02:16.644854+00:00,none,0,520.19,0.012,False,1,543.17
ec798eb2-9db5-4fe8-98b2-952258c1f0a7,user_1253,2026-08-28T16:44:40.656122+00:00,token_replay,1,98.45,0.082,True,2,4.18
560eceaa-be56-491b-903d-25d837367516,user_1291,2026-09-18T16:25:27.653977+00:00,impossible_travel,1,2203.12,0.042,False,2,4.5
c1c1de5a-791f-4a58-ae29-c00022b634ff,user_1621,2026-09-16T15:49:12.644515+00:00,none,0,757.61,0.086,False,1,1284.01
8a57cbc3-cae4-4b82-93aa-02cf9d6786d7,user_1306,2026-09-12T18:03:29.640778+00:00,none,0,507.56,0.057,False,2,976.55
b4483823-eec1-48bb-91b3-c9d8dfede82f,user_1532,2026-09-04T08:00:03.648464+00:00,none,0,370.52,0.034,False,2,702.62
743526c2-22bd-46a3-bf5e-06b47b72486a,user_1167,2026-09-01T17:15:57.645549+00:00,none,0,745.58,0.022,False,1,610.91
8b86e976-5d6e-4ff9-9d6c-c4894b1cc2f1,user_1994,2026-09-19T21:06:22.654360+00:00,impossible_travel,1,5836.5,0.098,False,1,3.61
b793f19c-b405-4257-8ac3-b750ef3e99d2,user_1730,2026-09-09T20:15:16.643318+00:00,none,0,617.69,0.064,False,2,1305.87
4f2dfe9f-6aad-4c7d-95ca-4955b6fc3b92,user_1661,2026-08-27T19:28:41.637203+00:00,none,0,403.36,0.002,False,2,322.99
f7687749-e80d-46e2-a978-fc32b0c42263,user_1696,2026-08-23T04:43:56.640832+00:00,none,0,594.6,0.009,False,2,1150.21
09f27f17-1e56-4c35-b0c2-81100de71d7f,user_1864,2026-08-24T14:49:50.657196+00:00,credential_stuffing,1,196.06,0.006,False,12,1.38
49163148-2dcd-4d58-abd6-cdc77526e0bb,user_1358,2026-08-24T23:16:08.647084+00:00,none,0,286.64,0.014,False,2,828.81
0cca46a4-87ce-44ae-9a12-6cfb09a01dc8,user_1264,2026-09-16T06:00:43.643170+00:00,none,0,256.56,0.039,False,1,1230.23
82f890d0-36ee-4498-8c52-e5d7623bc051,user_1584,2026-09-02T14:39:40.657287+00:00,credential_stuffing,1,746.22,0.068,False,12,3.21
b0ea20ab-5464-41d2-83d9-6d84e2211518,user_1211,2026-08-31T05:49:25.636927+00:00,none,0,350.53,0.077,False,1,1234.41
87d2c150-6df4-4a98-93f3-b9ce21001112,user_1556,2026-09-03T18:16:03.645795+00:00,none,0,291.31,0.047,False,1,103.84
7ca024d6-9aec-4c37-acbc-eebfc8206265,user_1300,2026-08-22T03:55:03.653054+00:00,none,0,175.57,0.014,False,1,188.48
33cee4c1-a392-47dc-b051-a47619518745,user_1079,2026-08-27T00:42:03.657275+00:00,credential_stuffing,1,399.43,0.051,False,17,1.02
80b5cc9e-3eeb-42ca-b202-ba608edc4ab8,user_1880,2026-08-27T03:42:17.644778+00:00,none,0,615.93,0.083,False,1,259.6
1273ed50-cdc5-4513-a7ab-eedfd716b9d5,user_1699,2026-09-12T06:02:03.641748+00:00,none,0,686.45,0.095,False,1,28.95
d739ee4f-a333-41b9-9b55-6465e7b21c8c,user_1409,2026-08-28T00:58:39.650393+00:00,none,0,462.02,0.072,False,2,337.78
cb8e65fa-090a-4181-b537-83d7f124f562,user_1560,2026-09-03T17:07:15.650919+00:00,none,0,60.81,0.004,False,2,827.34
047b7ded-746b-4a01-8d9e-fe5a81cd0d17,user_1388,2026-09-07T12:48:51.636046+00:00,none,0,890.57,0.064,False,1,987.42
bc565b77-93c0-4c47-9f93-556cd6d74401,user_1910,2026-08-25T07:41:28.640602+00:00,none,0,891.29,0.096,False,1,1209.06
bf60d811-d075-40c2-9f41-0df01fd31d8f,user_1797,2026-09-02T20:31:22.639347+00:00,none,0,325.94,0.095,False,1,873.31
5d75ec22-a471-4ab0-8bd2-85859201a8b5,user_1053,2026-08-25T13:15:21.648125+00:00,none,0,158.3,0.079,False,2,743.89
7a03ce1a-c671-4731-9db8-02af68457937,user_1866,2026-08-31T14:48:03.649486+00:00,none,0,240.24,0.029,False,1,373.0
98c0dbe7-2fb6-4611-bab8-fdaecd451921,user_1668,2026-09-09T20:57:46.655466+00:00,device_takeover,1,267.23,0.861,False,1,3.63
de6bf0fd-bd86-4a4f-9a5d-297ff4c3de23,user_1055,2026-09-20T00:13:14.644117+00:00,none,0,669.3,0.02,False,2,1196.03
00864970-b314-4515-a0bd-cb12e2fe61e0,user_1351,2026-09-03T19:17:38.655548+00:00,device_takeover,1,435.52,0.884,False,1,0.79
9565b031-bec1-46ea-8a11-82bf6f3aace1,user_1269,2026-09-19T04:23:58.656827+00:00,token_replay,1,29.05,0.042,True,1,1.67
51f6d4c4-e8f4-4fac-a799-da5e97c4db86,user_1048,2026-09-02T02:45:01.644106+00:00,none,0,348.8,0.096,False,2,1390.97
58deef83-8465-4720-8613-a8ab494e3cbd,user_1372,2026-09-09T01:07:11.645826+00:00,none,0,288.62,0.006,False,2,277.46
35a22c19-b4b6-4fb2-b840-6e52b5674f47,user_1709,2026-09-01T08:13:29.637862+00:00,none,0,584.85,0.085,False,2,1374.19
b248fe31-d0af-4264-82e4-14d717ae8ea1,user_1670,2026-09-20T05:36:58.646297+00:00,none,0,59.94,0.066,False,2,1245.25
271c6455-8879-4faa-9e29-782ceba1ada3,user_1107,2026-09-14T15:26:03.653663+00:00,none,0,158.16,0.073,False,2,849.97
3e53eea6-9d01-4aac-8f8d-e1e116d6483c,user_1927,2026-08-26T17:13:37.639013+00:00,none,0,132.61,0.044,False,1,1176.97
b97d1924-1279-4578-b64e-3921eff483bc,user_1956,2026-09-07T08:43:30.639921+00:00,none,0,259.01,0.057,False,2,1290.42
bfab41db-8ac0-469a-9bf3-747c774378bb,user_1490,2026-09-14T08:29:21.656870+00:00,token_replay,1,243.46,0.004,True,1,2.48
5da20ecb-467a-4adb-b28b-6bbd99de6313,user_1548,2026-09-03T05:09:22.647841+00:00,none,0,300.1,0.03,False,1,912.31
71537761-1729-4a9c-9a1c-a4aa93bf6af5,user_1122,2026-08-27T06:24:22.641932+00:00,none,0,605.99,0.005,False,1,1159.23
12fa4809-0999-4686-9c31-f4f88dc23d0f,user_1475,2026-09-06T14:19:34.651162+00:00,none,0,587.75,0.017,False,1,1344.58
50c893ab-30c2-4981-8467-783329cc6005,user_1243,2026-08-30T06:28:25.647593+00:00,none,0,653.4,0.017,False,2,82.96
cd342f8a-d9eb-4af4-8673-e41f46075ce4,user_1843,2026-09-13T14:00:23.644939+00:00,none,0,424.5,0.06,False,1,96.96
ff0c96c7-8ae2-4619-89a2-2acd192bfc69,user_1147,2026-09-19T12:21:55.655486+00:00,device_takeover,1,574.55,0.874,False,1,0.55
9f1cc847-f030-4af3-b96c-442e60c16c4e,user_1210,2026-09-05T07:16:27.644867+00:00,none,0,367.96,0.011,False,2,940.01
875b4231-7296-4655-a1c5-86b5100ea6b2,user_1696,2026-09-14T17:11:47.650075+00:00,none,0,354.75,0.059,False,1,1206.06
c1025383-e8dd-4b2b-8aeb-74f1f59e08eb,user_1603,2026-09-17T22:10:06.649612+00:00,none,0,441.32,0.037,False,1,459.16
dc22d6e4-1c36-4f42-8786-08f47f6c8d77,user_1097,2026-08-22T12:25:49.652425+00:00,none,0,291.92,0.063,False,2,977.79
f243034c-9c5e-4d70-b37a-12a304cfbe5f,user_1496,2026-09-18T14:03:38.657987+00:00,credential_stuffing,1,141.25,0.03,False,17,3.16
864162b1-83b5-44d6-a9dc-022162a5f362,user_1001,2026-09-02T08:56:03.641995+00:00,none,0,764.11,0.073,False,1,299.45
315c10f3-62dc-4245-8018-9698c6f510dc,user_1305,2026-08-26T23:51:22.636177+00:00,none,0,548.07,0.015,False,1,779.01
fb871838-0105-4072-bb46-ebb0df6933c1,user_1654,2026-09-06T07:34:57.640150+00:00,none,0,330.79,0.022,False,1,691.19
4a3a3144-d0dd-48ff-82ae-c7f2770fc44f,user_1062,2026-08-25T23:48:07.650403+00:00,none,0,17.12,0.058,False,1,389.36
48c5d626-7071-4a89-97dc-6235d9f9f877,user_1241,2026-08-23T09:43:13.650781+00:00,none,0,509.04,0.089,False,1,507.73
e2dff58d-a0b6-47dc-b9e0-172199ea1417,user_1199,2026-09-07T12:50:50.654809+00:00,impossible_travel,1,1975.61,0.008,False,2,0.14
d40b5531-3b14-46d6-bb02-697cc1e26f09,user_1053,2026-09-15T18:35:14.639973+00:00,none,0,371.97,0.072,False,1,982.51
06c553b0-897a-41fb-97bf-fd8b25c658a8,user_1800,2026-09-08T20:52:53.640991+00:00,none,0,293.3,0.028,False,2,528.8
27ba34c0-8fce-4749-9c81-b85bbeb28a2a,user_1384,2026-08-29T16:43:04.641466+00:00,none,0,67.96,0.079,False,1,583.09
1b8ab1e4-77c6-42a2-a8f2-89c0c799adf2,user_1677,2026-08-31T01:18:48.638549+00:00,none,0,437.1,0.044,False,2,314.34
dc60f721-5c8d-43f5-8fb1-f865096bef18,user_1627,2026-09-09T10:17:42.646468+00:00,none,0,536.72,0.023,False,1,520.54
0609d650-70ca-48ba-9933-4dc515692e05,user_1999,2026-09-07T22:18:28.649868+00:00,none,0,211.94,0.045,False,1,535.43
b5d926bb-3825-418c-a4ae-0193237c421a,user_1362,2026-09-15T10:28:16.653890+00:00,none,0,4.64,0.089,False,1,581.97
ff671e88-faaf-4c0d-a5a2-c6f9e9494f33,user_1114,2026-08-22T07:49:23.647548+00:00,none,0,157.15,0.059,False,1,950.89
da2e8f4a-d4c6-46ee-9e22-35d2b54e7e6f,user_1355,2026-09-06T19:31:15.657611+00:00,credential_stuffing,1,149.03,0.029,False,25,2.19
67557792-754d-4f9b-9d38-31f7260160d4,user_1860,2026-08-28T22:46:38.636973+00:00,none,0,827.59,0.098,False,1,1306.44
a026d376-9b7e-40b6-8523-8e38a2b8fbcb,user_1484,2026-08-23T13:44:35.647517+00:00,none,0,152.17,0.005,False,2,1165.77
7c48c4a4-f815-41dc-8def-afa7e24d2587,user_1599,2026-08-28T02:57:01.648167+00:00,none,0,48.91,0.044,False,1,1336.52
6639e0ad-4507-4573-b165-0977b264f517,user_1544,2026-08-25T18:30:17.648402+00:00,none,0,809.51,0.045,False,2,1152.86
0dc623fe-e689-4eca-a43e-3555b48f3171,user_1700,2026-08-27T00:57:20.657245+00:00,credential_stuffing,1,774.51,0.058,False,11,2.77
561dc658-3db6-4865-9441-a2f4e0458faf,user_1775,2026-09-12T20:52:51.650738+00:00,none,0,21.08,0.089,False,2,351.32
8d37eb8a-4e04-42ab-b2c2-4a3a54a9a6ce,user_1640,2026-08-21T18:05:25.644177+00:00,none,0,758.83,0.03,False,2,109.58
6b3dc3b4-0a04-45ba-a001-08c2b0992eb9,user_1990,2026-09-15T20:59:11.656328+00:00,token_replay,1,803.73,0.092,True,2,0.87
11985541-9922-4fb9-a39a-85fafe16d2af,user_1663,2026-09-19T21:01:31.647386+00:00,none,0,129.6,0.088,False,2,1404.09
6f18ec07-3838-4b85-9b9b-95d91ff53b04,user_1457,2026-08-25T11:50:04.637787+00:00,none,0,435.91,0.033,False,2,658.42
4dd01424-46fa-495b-895d-b1530d0ec831,user_1681,2026-08-25T21:38:16.648475+00:00,none,0,757.72,0.045,False,2,819.01
6fbf87ac-86e6-449b-b312-d0e1326f422c,user_1843,2026-09-05T06:33:33.655185+00:00,device_takeover,1,12.77,0.969,False,1,2.5
400b068c-9fdb-4b7a-89e7-d1308775a92d,user_1060,2026-08-27T16:27:10.658130+00:00,credential_stuffing,1,226.82,0.031,False,20,4.17
bf496092-464f-46ab-be13-2d8738ed8f2b,user_1782,2026-08-25T08:27:48.645161+00:00,none,0,862.19,0.085,False,2,895.66
dbd4f942-d3c9-4f25-aaad-0c37a23665d7,user_1154,2026-09-15T22:39:34.642905+00:00,none,0,77.14,0.034,False,2,1397.96
8db7eb42-7f81-4f10-a741-474c86e864f9,user_1529,2026-09-02T10:28:06.644252+00:00,none,0,462.88,0.051,False,2,67.93
1ea5c60e-3776-40b2-a59c-36ea552b4650,user_1948,2026-09-04T11:40:36.649709+00:00,none,0,645.65,0.088,False,1,1188.02
30a35d6a-dfbd-4d22-aee5-49876a6087b2,user_1006,2026-09-08T17:30:44.650601+00:00,none,0,751.33,0.047,False,2,729.71
64a3373f-700d-4bca-8850-95b0744c94c3,user_1562,2026-08-27T12:09:36.654628+00:00,impossible_travel,1,5848.73,0.049,False,1,1.92
3fbc4e0c-10c5-4de6-b9cf-e8aa52a57d8a,user_1700,2026-09-06T01:19:29.650221+00:00,none,0,757.38,0.052,False,2,820.85
d557088e-2ea3-4a52-bbd0-0399f578d164,user_1104,2026-09-15T15:05:16.641626+00:00,none,0,282.02,0.088,False,1,554.2
b8f1b990-5b3e-4f62-8fe8-c258d4469682,user_1991,2026-08-24T08:34:31.642673+00:00,none,0,624.2,0.093,False,2,325.35
a90ed378-c7a7-4868-9f56-9caee2ae8766,user_1110,2026-09-19T01:07:12.648931+00:00,none,0,713.75,0.051,False,1,678.13
ad3db871-8bf2-4352-beb0-d1b0abc7f354,user_1486,2026-08-26T03:18:22.648692+00:00,none,0,887.97,0.007,False,2,131.92
cc43b754-f237-4d2e-a40c-25f0a74b372e,user_1575,2026-08-24T01:45:04.645296+00:00,none,0,42.94,0.01,False,1,91.15
45131d88-3b56-4c37-931c-43364a1e4dd9,user_1012,2026-09-08T18:24:11.641900+00:00,none,0,41.38,0.036,False,1,261.81
f33ccb09-c142-4691-bb20-9929fea137e9,user_1703,2026-09-14T03:27:01.643503+00:00,none,0,308.46,0.09,False,2,1081.42
bb5d65bd-3667-42ab-aeac-331f2691b66c,user_1377,2026-09-18T11:21:04.657318+00:00,credential_stuffing,1,261.79,0.015,False,28,0.13
c0ff80b3-7a9a-4ea7-97ca-8f3d0ab054cd,user_1013,2026-09-10T03:30:37.655910+00:00,device_takeover,1,421.34,0.816,False,2,0.52
9d1d6cee-8992-463d-bca7-15ddd070c451,user_1876,2026-08-23T16:36:29.653345+00:00,none,0,91.75,0.079,False,1,545.36
2104d1c7-b70f-4f59-b534-8c5d3c0a235e,user_1388,2026-08-31T01:13:24.649026+00:00,none,0,192.85,0.023,False,1,1097.62
4c5f8a1e-bfb2-4957-8569-fd69f30bf033,user_1504,2026-08-23T17:57:46.645171+00:00,none,0,781.89,0.049,False,2,575.96
08c822de-c435-4b1a-a686-69708d19e2f3,user_1352,2026-08-30T23:34:42.637227+00:00,none,0,896.97,0.055,False,2,1013.6
463bc379-57d3-47ae-86a1-55c74d09440a,user_1583,2026-09-12T04:46:36.644643+00:00,none,0,338.99,0.038,False,1,746.41
76156ed7-00ef-460e-adf5-6789aab333b2,user_1391,2026-08-28T11:38:08.654889+00:00,impossible_travel,1,6277.22,0.085,False,2,0.81
8274a895-9c9e-44bf-acd9-fc4b3e64da94,user_1416,2026-09-10T01:19:49.648282+00:00,none,0,119.44,0.03,False,1,27.86
a3ac3a08-604c-4296-9608-d370f6b30a50,user_1104,2026-09-06T22:38:20.645604+00:00,none,0,242.28,0.072,False,1,339.08
7fec6401-3605-4c5c-9801-903e949baac1,user_1495,2026-09-07T05:10:51.637261+00:00,none,0,652.13,0.098,False,2,1412.03
31145efe-ffb5-480f-95cf-b84c7378746f,user_1321,2026-09-20T00:55:32.643745+00:00,none,0,634.11,0.068,False,1,1408.28
ca2e298e-e44d-4e55-85b7-094aa7b405ca,user_1370,2026-09-07T14:12:46.657163+00:00,credential_stuffing,1,593.31,0.078,False,29,0.06
c442ad9c-fd84-49a6-937a-24d1659a1e0d,user_1022,2026-08-23T00:17:03.643526+00:00,none,0,454.17,0.012,False,1,543.4
d51364c3-f01a-4d78-9a78-da72d0c49f4d,user_1356,2026-09-14T21:06:31.640292+00:00,none,0,160.63,0.054,False,1,1049.48
bbec804b-7768-4ce8-9808-5ad73c9926a7,user_1481,2026-09-18T12:36:18.639141+00:00,none,0,572.1,0.098,False,2,1077.4
0d9aa1a3-2a7d-4d79-8f70-e1975f3984d8,user_1499,2026-09-15T03:44:40.643734+00:00,none,0,798.83,0.044,False,1,380.41
60eaa901-5eff-4d71-a6ce-07f5f20bc5ee,user_1874,2026-09-19T01:32:24.646727+00:00,none,0,600.3,0.084,False,2,480.14
7137963c-7db0-402e-9834-82e9f18d0a2e,user_1535,2026-09-14T00:31:29.645517+00:00,none,0,309.5,0.047,False,1,991.95
54d8cc4b-43d4-4922-9117-dd634a6adef5,user_1422,2026-08-30T17:39:17.645988+00:00,none,0,743.54,0.032,False,1,813.11
1f543716-bbc8-4131-b035-4f041076e5a6,user_1040,2026-09-16T15:48:31.636448+00:00,none,0,377.3,0.058,False,2,1346.3
14b4432e-cefe-450e-b9cd-b9f9bf5ae9a2,user_1433,2026-09-17T00:35:49.651435+00:00,none,0,825.3,0.02,False,2,451.01
468fd92a-a4bb-47eb-afa2-7cd355749b20,user_1465,2026-09-18T18:43:27.655083+00:00,device_takeover,1,490.57,0.985,False,1,3.2
7601acb1-4318-4b90-af1c-56cfacc9d5fa,user_1922,2026-08-24T23:49:43.647331+00:00,none,0,871.11,0.0,False,2,162.42
cc69d92e-d4cc-4f85-b5e6-4c0c61be6cc0,user_1943,2026-09-04T09:44:03.646097+00:00,none,0,313.14,0.082,False,2,1339.9
f040a268-db55-4599-b69a-bb09a9b1fb02,user_1690,2026-09-18T21:18:43.644991+00:00,none,0,323.77,0.066,False,1,129.62
6b74e5c0-5d35-4d47-ba13-4cad95fb7cfd,user_1203,2026-09-16T12:59:40.649784+00:00,none,0,373.05,0.018,False,2,1360.73
043d5b86-298f-45fb-9ad2-c0ecb5e132f2,user_1214,2026-08-24T08:04:18.658150+00:00,credential_stuffing,1,715.23,0.055,False,20,4.8
a4b14d2e-a6b2-4c60-8fcd-ae00ee07a518,user_1348,2026-09-07T03:34:58.635961+00:00,none,0,139.93,0.096,False,2,151.67
1adba86c-0909-472d-bf5d-c121ff23849b,user_1539,2026-09-07T01:46:41.647465+00:00,none,0,418.44,0.008,False,1,356.91
541fb314-503f-43d0-a8bb-2bc637d3c345,user_1995,2026-08-23T15:15:47.655248+00:00,device_takeover,1,859.59,0.811,False,2,0.08
9cf85f8f-8694-44e8-85f8-ca0e20e6391c,user_1295,2026-09-09T02:27:19.639084+00:00,none,0,271.04,0.005,False,2,921.9
96738c30-a191-44cc-8630-d636f9c4e616,user_1072,2026-09-07T13:27:10.653599+00:00,none,0,895.82,0.07,False,1,1030.23
38e82a69-f2cf-43f5-8079-f9a807370bdf,user_1643,2026-08-29T06:02:33.656360+00:00,token_replay,1,491.25,0.038,True,2,0.48
48a6309d-4a1c-4f66-ade1-0445d445aaab,user_1302,2026-08-31T10:40:47.641119+00:00,none,0,828.49,0.009,False,1,504.85
9ae38641-3966-484f-bdef-31bab3122506,user_1115,2026-08-23T11:15:51.647454+00:00,none,0,433.38,0.069,False,1,1052.82
a05c8b2b-c19f-4292-9b67-aec90ae9dd77,user_1753,2026-09-08T15:57:12.648239+00:00,none,0,223.05,0.043,False,1,1284.77
d0044b6b-3d13-49c3-865d-333aae56b074,user_1697,2026-09-05T11:41:33.645681+00:00,none,0,842.59,0.016,False,1,1073.68
944368da-816a-4faf-a5c9-7267825e269e,user_1224,2026-09-02T23:39:02.655941+00:00,device_takeover,1,347.02,0.836,False,1,3.9
979d1b55-a18d-4e6c-8476-4070d69fc4ce,user_1785,2026-08-23T20:44:17.639571+00:00,none,0,374.93,0.064,False,2,1280.71
0da1b6cd-6e83-4761-a786-5412b11aea9e,user_1579,2026-08-22T08:48:44.651351+00:00,none,0,508.63,0.007,False,1,1075.47
6cc31dd6-d8a9-4955-8f67-67e2413a7d5f,user_1598,2026-08-25T11:22:01.653471+00:00,none,0,642.37,0.079,False,1,1086.28
0608a6da-4e1c-490f-a48e-939e5437f017,user_1315,2026-08-27T11:50:52.639671+00:00,none,0,20.86,0.095,False,2,1392.2
75f9e7f4-9352-4de5-954d-a90d4babfc32,user_1733,2026-09-06T11:16:58.637738+00:00,none,0,457.98,0.027,False,2,1411.65
75678731-3b8c-4ee5-8152-212f88e5b223,user_1101,2026-09-10T05:58:49.649005+00:00,none,0,828.43,0.085,False,2,530.87
3a899c4c-2d0f-4691-8d91-886d684063b4,user_1715,2026-09-07T23:16:27.649719+00:00,none,0,455.7,0.035,False,2,655.43
26b9d9a3-32ac-487a-a603-efaab4df5931,user_1402,2026-08-23T21:09:58.642837+00:00,none,0,494.7,0.049,False,1,522.79
ac959540-e07b-4025-b0ed-c593c0a8bf15,user_1378,2026-09-06T19:17:31.636493+00:00,none,0,141.97,0.083,False,2,882.76
f9850302-e4dd-4a2f-85e8-4a73763bbea8,user_1656,2026-08-26T21:25:34.653421+00:00,none,0,202.44,0.059,False,2,397.8
e0cf0a32-2174-4692-830d-d2b53b882b03,user_1656,2026-08-30T11:12:18.644494+00:00,none,0,249.01,0.036,False,2,1264.77
79b7c1c0-82ca-4519-855c-78e4b1e6fe66,user_1768,2026-09-13T13:07:18.645636+00:00,none,0,50.43,0.078,False,1,784.48
b78de3db-e2c7-48dd-9574-00bf83488a92,user_1794,2026-08-22T12:19:00.651478+00:00,none,0,557.61,0.076,False,2,835.77
b15a0217-43be-405b-898c-7c8827397c5e,user_1733,2026-08-30T21:05:20.648649+00:00,none,0,332.67,0.037,False,2,499.96
01ac7b96-26a5-4d8f-b5a6-f13e3adc32c0,user_1509,2026-08-27T20:08:35.649205+00:00,none,0,454.32,0.054,False,1,1371.95
b55e9ec5-9574-475a-a934-5527d769889c,user_1768,2026-08-31T15:46:55.641433+00:00,none,0,826.89,0.099,False,1,1011.55
793552f3-7e8c-46d9-84ac-006cddb6465d,user_1029,2026-08-28T18:52:46.647105+00:00,none,0,812.96,0.005,False,2,82.2
67167afe-d2fd-403f-ab82-e3775510bd2e,user_1604,2026-08-28T04:58:09.643713+00:00,none,0,722.04,0.068,False,1,882.25
1428fa79-a615-4772-b0e9-7c11a8f84c4d,user_1682,2026-08-21T17:01:45.640633+00:00,none,0,821.48,0.066,False,1,14.49
8104acdb-e8eb-4ba7-8bd9-80fbaf27a6ae,user_1690,2026-09-15T00:57:10.641890+00:00,none,0,205.56,0.051,False,1,1237.22
2e4e33bd-a718-456b-be06-88818932eacc,user_1203,2026-08-22T09:24:22.639754+00:00,none,0,458.21,0.05,False,1,60.84
974f460d-80e7-4d7b-922b-30ae14d3c99e,user_1881,2026-09-20T01:57:00.636143+00:00,none,0,612.26,0.011,False,2,1107.94
1bc9ebd3-488b-4816-8449-002120cb719f,user_1432,2026-09-20T00:26:51.644055+00:00,none,0,470.46,0.003,False,1,81.15
62ad8f2b-934a-4a02-a542-99d12f68573e,user_1745,2026-09-04T04:00:36.636326+00:00,none,0,720.53,0.011,False,1,277.95
84c309ac-10a6-4302-ad51-5b229a3e68ba,user_1971,2026-09-07T00:52:36.646373+00:00,none,0,203.02,0.034,False,2,947.7
f3191af8-6012-4bf0-9cc7-c07528eaae6c,user_1090,2026-09-11T08:36:33.655821+00:00,device_takeover,1,651.7,0.944,False,1,4.67
c9eba399-4d08-488a-8416-c89795c43631,user_1760,2026-08-25T19:33:59.645571+00:00,none,0,727.93,0.041,False,1,266.75
a7823d25-980f-4d49-ac5e-c88befb69c47,user_1723,2026-08-26T03:35:31.656601+00:00,token_replay,1,351.56,0.006,True,1,1.76
ea22df29-6cb0-4789-aa5d-f81a821fc83d,user_1084,2026-08-27T08:56:56.640724+00:00,none,0,760.8,0.064,False,2,817.0
8e7d25b9-a384-4738-a43b-7a1b2e771210,user_1405,2026-09-18T17:35:41.646563+00:00,none,0,501.93,0.052,False,1,277.44
0a873e71-f696-4557-85f5-d210395cb720,user_1066,2026-09-11T00:55:49.642165+00:00,none,0,812.25,0.044,False,1,136.99
3db643b7-bc2a-4da9-8e51-3ab8cb324cf3,user_1823,2026-08-23T16:05:49.644833+00:00,none,0,87.95,0.013,False,2,1104.01
a8c5b2de-7321-4ca7-8880-b446a8ac5024,user_1266,2026-09-12T17:56:35.657130+00:00,credential_stuffing,1,864.27,0.047,False,17,0.66
76edd9b7-818c-49c4-98c5-34ed3bb3dae8,user_1883,2026-08-25T10:30:13.648082+00:00,none,0,456.79,0.046,False,1,401.67
e5be56df-09f8-4f64-8033-f91aef01b45f,user_1584,2026-08-27T08:29:40.649569+00:00,none,0,839.64,0.052,False,2,717.41
0697b091-fd84-483c-b971-77fc7642e997,user_1385,2026-09-04T16:37:24.638871+00:00,none,0,731.87,0.067,False,1,932.05
e265b39a-6ab2-41fb-8e4d-7e09d59f2d6e,user_1452,2026-09-09T06:56:26.651890+00:00,none,0,239.06,0.008,False,1,427.63
8729630b-e245-43ce-a83e-05ddb1e67425,user_1837,2026-09-14T20:00:04.648780+00:00,none,0,335.88,0.073,False,1,1217.98
eff61260-c22a-4486-b314-08223fda9a88,user_1095,2026-09-01T06:32:18.645109+00:00,none,0,606.33,0.082,False,1,800.78
60048e5e-506f-4b7a-af98-8bfd0c567b40,user_1788,2026-08-22T20:05:43.655447+00:00,device_takeover,1,137.74,0.885,False,1,2.86
13670535-b62c-4613-9d0b-054f37c310b7,user_1008,2026-08-22T00:15:10.641650+00:00,none,0,585.02,0.044,False,1,906.29
271cd2cc-d0b8-4def-8559-73675497561f,user_1329,2026-09-11T11:31:49.637800+00:00,none,0,882.7,0.024,False,2,340.16
ca016b75-96c1-48a8-b38a-55961bf9a06c,user_1945,2026-08-28T04:02:26.647002+00:00,none,0,659.2,0.052,False,2,210.63
51ba8a5c-02b2-4355-b575-9c11b55971f2,user_1656,2026-09-05T00:08:28.645846+00:00,none,0,99.42,0.052,False,1,67.82
1f933b5c-eecf-489e-89b2-0d8af47ce666,user_1666,2026-09-14T13:58:56.650769+00:00,none,0,403.86,0.057,False,1,655.27
81c36f06-a0e0-4aab-8048-d5d5a196e454,user_1499,2026-09-04T11:47:05.643416+00:00,none,0,567.93,0.018,False,1,11.76
f0110ab7-6400-4b87-98b4-45e00dbb49b2,user_1057,2026-09-10T22:25:23.644065+00:00,none,0,240.28,0.079,False,2,985.67
22f3186b-db0f-4ebd-851f-f8a96d2efdad,user_1518,2026-09-06T03:27:28.653514+00:00,none,0,327.2,0.054,False,2,1407.14
f1aebe6f-144e-4419-adc3-3178d51ad871,user_1818,2026-09-19T00:23:51.642780+00:00,none,0,265.42,0.032,False,1,111.48
e042a863-344b-4f4e-8cbb-798406126b83,user_1314,2026-08-24T01:02:40.657173+00:00,credential_stuffing,1,594.7,0.084,False,15,2.22
842bd4e1-4c98-4048-9cfe-1f3bafaa4554,user_1048,2026-09-15T07:34:33.636119+00:00,none,0,137.56,0.016,False,2,860.85
b0f2ae92-c2cb-45b4-b8d9-a10a9268e0b8,user_1389,2026-08-29T18:26:20.637348+00:00,none,0,817.65,0.03,False,2,443.22
50b4938f-d730-4486-9b52-581c5867a34d,user_1512,2026-09-10T18:16:54.651141+00:00,none,0,704.59,0.014,False,1,1127.2
86795a55-8919-4d11-8e6f-fa6000923e57,user_1446,2026-09-19T15:05:04.650424+00:00,none,0,145.2,0.073,False,2,498.42
837b8c68-f477-44a5-87d2-7deae6e53320,user_1365,2026-08-25T06:12:14.657830+00:00,credential_stuffing,1,432.86,0.01,False,13,4.81
2914fedc-1874-4164-8180-fb1ad3730df2,user_1649,2026-09-03T00:28:00.646634+00:00,none,0,76.78,0.071,False,1,548.4
85001c87-375d-4073-9e6c-26277876bc50,user_1665,2026-09-17T04:41:38.647211+00:00,none,0,713.19,0.053,False,2,852.42
e57fdd25-e118-4a6d-827d-b7c6c9ee20b4,user_1068,2026-08-27T19:37:47.657789+00:00,credential_stuffing,1,501.96,0.021,False,15,0.19
9d6a2b09-c76d-43fb-9c03-e03af0efc5dd,user_1217,2026-08-22T15:36:03.638227+00:00,none,0,873.98,0.005,False,2,354.52
40b938b0-ecca-4352-9192-17f239f0dcd2,user_1145,2026-09-09T15:20:52.648910+00:00,none,0,276.69,0.021,False,1,614.6
f99ac8bb-ac09-46a5-848b-4587cd23ac15,user_1288,2026-09-19T02:59:36.647343+00:00,none,0,211.72,0.07,False,2,902.18
c245c570-810d-4e71-b060-10f193cfc934,user_1302,2026-09-15T07:36:56.657695+00:00,credential_stuffing,1,644.63,0.092,False,13,2.22
6761e491-b6a9-4ca2-93e5-534818a28b21,user_1341,2026-09-14T21:26:15.654535+00:00,impossible_travel,1,4244.44,0.092,False,1,4.48
d211387c-3e9d-487a-8b04-596051ad2665,user_1419,2026-08-26T17:18:37.643207+00:00,none,0,18.05,0.078,False,1,685.33
107e8cff-9759-4ba1-8e27-bdd1cd084b41,user_1126,2026-08-29T13:27:44.638114+00:00,none,0,331.73,0.075,False,2,843.84
33488242-d479-403b-8d98-bd0391b04681,user_1629,2026-08-25T17:46:45.639539+00:00,none,0,84.09,0.064,False,1,250.67
f04dd22b-8a8e-4fbe-8551-e5fcacec8bcf,user_1115,2026-09-08T22:26:44.641725+00:00,none,0,449.62,0.059,False,1,1421.18
7035a8bc-66f1-4457-9e3f-4eb63149778f,user_1003,2026-08-29T18:23:13.655217+00:00,device_takeover,1,848.99,0.957,False,2,3.19
138c131e-edbf-4a66-a6b5-d874fc0f309f,user_1327,2026-08-24T01:19:03.655093+00:00,device_takeover,1,28.19,0.88,False,2,0.31
ae06d193-2ada-4e9e-be73-5aaab20c4c30,user_1289,2026-09-18T12:23:22.656953+00:00,token_replay,1,282.71,0.06,True,1,4.99
17013634-3d9e-431c-8a2f-db9d8130b65c,user_1291,2026-08-25T18:05:55.658069+00:00,credential_stuffing,1,455.93,0.038,False,25,3.64
73f4f401-4062-4542-b5e6-f46dc06c0515,user_1318,2026-09-04T17:59:35.641953+00:00,none,0,77.75,0.046,False,2,292.96
f91250f4-3241-40dd-b1e6-0d5dadc5a225,user_1704,2026-09-08T15:11:26.657997+00:00,credential_stuffing,1,30.4,0.075,False,22,3.28
d1ca9c06-2f6a-4b61-b9f7-d9439d7a07a7,user_1755,2026-08-31T14:37:04.648156+00:00,none,0,782.9,0.038,False,1,110.52
e0150134-75a8-4563-ada8-0bbc47718df2,user_1469,2026-09-03T05:57:59.641498+00:00,none,0,765.1,0.08,False,2,317.59
c4df5510-af30-4eb2-a9bc-3d01228dedd3,user_1895,2026-08-30T06:19:56.637837+00:00,none,0,89.74,0.091,False,1,1041.71
12548f8f-b415-461b-a110-dd7575211d75,user_1172,2026-08-26T22:36:14.650036+00:00,none,0,740.31,0.056,False,1,842.39
613f2136-0f50-4a51-ae0c-2f9e5b2df590,user_1822,2026-09-07T03:41:54.649527+00:00,none,0,592.8,0.018,False,1,1388.03
2aa13e73-79e3-4946-a149-f24fe95245ed,user_1408,2026-09-03T01:34:11.636102+00:00,none,0,197.39,0.1,False,2,135.46
c999d8a2-66db-4204-8595-9bca05a12349,user_1316,2026-08-27T06:00:48.653237+00:00,none,0,891.3,0.012,False,2,910.6
f4240dc6-56fd-40b6-bc01-b81648326451,user_1998,2026-09-07T13:06:34.648188+00:00,none,0,181.99,0.013,False,1,407.67
cc0ec1f2-ef15-4026-9e5a-9712839f3b8c,user_1407,2026-09-14T10:07:41.657860+00:00,credential_stuffing,1,696.31,0.048,False,25,3.01
2f9b760e-cfeb-4653-a537-c4442481a2bf,user_1184,2026-09-19T08:57:38.642259+00:00,none,0,286.99,0.022,False,2,89.08
020b3176-b7d2-46bd-8adc-e250216c02cd,user_1675,2026-09-12T21:51:10.653283+00:00,none,0,891.96,0.055,False,2,611.2
a5252368-c91e-42f6-9757-7090d1be0bb1,user_1744,2026-09-08T13:42:47.643769+00:00,none,0,433.74,0.066,False,2,218.32
de624b71-750f-4eb8-83b4-ce65d02e7295,user_1157,2026-09-18T12:16:57.654216+00:00,impossible_travel,1,2150.49,0.042,False,2,4.46
aa154282-43a7-4bbe-81ce-173717cd4c72,user_1323,2026-08-25T21:32:10.647634+00:00,none,0,614.59,0.004,False,2,1377.12
4ce02af5-544e-4944-beac-547c0bc55673,user_1285,2026-09-13T14:46:34.654595+00:00,impossible_travel,1,1814.02,0.099,False,1,3.84
bc0e8494-a0e2-4b14-84f3-3409740d4c9e,user_1187,2026-09-11T07:45:51.652892+00:00,none,0,233.42,0.09,False,2,637.45
b74856a4-ce48-4386-8b9a-edc66140e81d,user_1309,2026-09-12T03:25:18.646978+00:00,none,0,101.01,0.078,False,1,1315.66
8c091444-4f4f-4902-be2d-176100f5c3e6,user_1056,2026-09-19T08:37:19.656890+00:00,token_replay,1,696.25,0.081,True,2,3.41
86ec4ed8-0a01-4ded-9954-b66d1c49de7c,user_1146,2026-08-22T03:27:09.639336+00:00,none,0,610.28,0.044,False,1,101.48
810b97f0-9630-467e-94f7-d8d0fc68464b,user_1410,2026-09-07T01:32:03.645255+00:00,none,0,405.66,0.057,False,1,1173.36
05783d24-fa97-4714-b8be-65475f9b5ff4,user_1777,2026-08-24T10:28:33.654226+00:00,impossible_travel,1,9776.14,0.089,False,2,3.15
146412c5-e61f-484c-a994-b88ebd735dee,user_1414,2026-09-19T15:01:36.638641+00:00,none,0,869.58,0.017,False,2,1198.96
61a4e0bd-cdc9-4a0c-92ce-f7719a94ee43,user_1778,2026-08-25T18:40:43.636223+00:00,none,0,689.25,0.013,False,2,1363.73
ad30d990-0ebd-4b2c-a907-9de81348f6da,user_1463,2026-09-12T07:56:02.655736+00:00,device_takeover,1,541.29,0.877,False,1,2.88
1c27831a-d84a-4389-a929-1c27e977d569,user_1945,2026-08-31T07:58:14.641054+00:00,none,0,489.28,0.079,False,2,1011.85
a5ce984e-7634-48b9-b746-0cb048a617e3,user_1042,2026-09-10T09:51:56.657600+00:00,credential_stuffing,1,387.48,0.028,False,29,1.57
250ec411-fcae-4bcb-b1e7-4ac992af75d3,user_1316,2026-08-22T08:23:47.651594+00:00,none,0,308.61,0.037,False,1,747.87
c09da404-09be-400d-83e2-270e1417585d,user_1357,2026-09-03T14:15:55.638688+00:00,none,0,654.64,0.082,False,1,344.05
16d83437-9849-4a14-a737-7b58f56d2f42,user_1077,2026-08-30T03:02:29.636350+00:00,none,0,727.22,0.086,False,1,77.59
70fcc1bf-ea7d-4074-afff-337d95707b42,user_1221,2026-08-29T19:57:59.644738+00:00,none,0,545.87,0.047,False,2,249.76
4dbc63b9-f2e6-49bd-be84-156abc7a0425,user_1811,2026-08-25T09:32:15.647902+00:00,none,0,579.07,0.05,False,2,1392.03
94024b26-500f-4412-bc65-7f8217699f74,user_1290,2026-09-12T04:25:51.651699+00:00,none,0,197.05,0.026,False,1,492.64
cd5b7a42-4a43-4e92-9947-09704aeda55f,user_1720,2026-09-06T10:22:56.641423+00:00,none,0,260.4,0.027,False,1,199.57
b991c52b-a0a9-45d1-ba61-db5306b9305a,user_1826,2026-09-13T19:12:34.654909+00:00,impossible_travel,1,7919.43,0.016,False,2,2.24
96f75686-a668-43db-8aa7-c1fbe690a934,user_1896,2026-09-06T10:59:12.657820+00:00,credential_stuffing,1,601.18,0.049,False,30,1.96
dc48d773-1b53-4f63-89fa-12ff26dce45e,user_1463,2026-09-15T15:55:42.644085+00:00,none,0,554.5,0.068,False,1,1070.36
8874d582-ff27-45ba-bc0a-ae46fdce4300,user_1948,2026-09-14T17:24:20.656494+00:00,token_replay,1,269.93,0.048,True,1,4.1
965722d4-5e6f-405a-91d7-bf169921ae21,user_1677,2026-09-15T17:40:34.643567+00:00,none,0,596.23,0.027,False,1,606.01
d514b844-c401-4ff8-8ecb-e7edba9c5b88,user_1180,2026-09-16T13:56:07.655124+00:00,device_takeover,1,127.56,0.782,False,1,1.49
0b22fe14-af14-4093-9b18-0cc9412a959f,user_1136,2026-09-07T23:36:44.649774+00:00,none,0,156.13,0.059,False,2,1152.32
6921314d-f90a-43fc-a014-8788dd558836,user_1998,2026-09-10T23:22:26.649110+00:00,none,0,304.77,0.059,False,2,181.16
c0b42aaa-f979-45e9-b2a1-ebcba7c2f9c8,user_1418,2026-09-02T19:08:38.651881+00:00,none,0,724.05,0.032,False,2,40.47
cebf078f-6898-49dd-8f22-362201d79c63,user_1803,2026-08-24T08:39:55.653140+00:00,none,0,869.62,0.044,False,1,325.8
77790d1d-c436-4f9b-8dfb-3ff30e0b4c80,user_1112,2026-09-09T17:44:19.654525+00:00,impossible_travel,1,1915.63,0.096,False,2,0.38
2a76b8d1-50a5-44c3-9c3f-20629651c5e2,user_1322,2026-09-01T03:22:09.650653+00:00,none,0,883.75,0.016,False,1,569.34
10af6281-50c0-44ba-89e9-ecf8cc32e45a,user_1126,2026-09-18T01:21:06.656275+00:00,token_replay,1,439.53,0.001,True,2,3.3
a64ab95c-a8d7-411b-b26e-e1b4a8697be9,user_1914,2026-08-26T12:58:10.645286+00:00,none,0,480.58,0.032,False,2,435.55
6fdb60fd-8b6d-45c9-be38-2fd4bd12ca9e,user_1164,2026-09-10T23:29:02.653988+00:00,impossible_travel,1,9535.38,0.096,False,2,0.59
31d876c7-1fd2-4e25-8fa4-96eb1a3bd1bc,user_1641,2026-08-27T22:49:34.637874+00:00,none,0,785.14,0.004,False,1,341.9
fb42e03d-5928-4374-9a8a-a9b2776f8e7d,user_1862,2026-09-12T13:57:28.646947+00:00,none,0,513.88,0.039,False,1,1245.69
9427f43f-2cd4-4959-8159-439363fbdf5f,user_1552,2026-09-05T10:14:37.649427+00:00,none,0,180.07,0.04,False,2,968.69
3ad48510-b50f-46f4-97f8-1e1e3f10fc00,user_1452,2026-09-05T16:38:02.645507+00:00,none,0,329.2,0.026,False,2,20.15
d060fbd2-554b-4701-8827-07d9b1745a4f,user_1668,2026-08-31T23:21:02.654798+00:00,impossible_travel,1,8445.28,0.016,False,2,3.23
de39f6ec-2d2f-46f6-b9be-6def8fc8cf17,user_1123,2026-09-09T15:10:52.646107+00:00,none,0,672.91,0.085,False,1,914.63
d50f5401-8ff9-4cf4-8f16-36d92c8cc067,user_1382,2026-09-11T16:58:41.646489+00:00,none,0,766.92,0.049,False,1,240.03
302378e1-be97-4389-a152-623b43637c7d,user_1289,2026-09-06T03:29:01.637775+00:00,none,0,753.73,0.058,False,2,1246.65
64a3c8df-1571-45ea-b2a5-5506a3ea2698,user_1582,2026-09-16T20:16:56.656776+00:00,token_replay,1,114.47,0.052,True,1,0.59
e0e4cf9c-3f86-4525-8073-04517027cbcd,user_1990,2026-09-14T17:52:12.655799+00:00,device_takeover,1,758.77,0.981,False,1,0.15
50d0dbef-f7d8-4a99-ab14-3943fed6ea30,user_1998,2026-08-23T15:28:42.641869+00:00,none,0,564.78,0.05,False,2,84.56
e3b36d45-1d4d-4bc3-af39-044de68c26ed,user_1515,2026-09-09T21:42:37.648864+00:00,none,0,748.42,0.08,False,1,603.89
33593997-1a00-4cf6-977e-8fbfbf54f286,user_1049,2026-09-06T21:39:39.650117+00:00,none,0,290.85,0.006,False,1,790.17
02b23db2-4946-48ea-81ff-5a91275cc98b,user_1288,2026-09-12T17:41:48.654820+00:00,impossible_travel,1,5874.11,0.007,False,1,3.78
158bc936-ae08-4082-b6f3-e5e32050e414,user_1732,2026-09-11T00:15:19.637083+00:00,none,0,68.4,0.069,False,1,151.23
02a5d5e1-61e1-4aef-b09e-16c195ccaf49,user_1891,2026-09-12T23:19:19.652197+00:00,none,0,246.4,0.063,False,2,961.65
a123ace0-9d87-4892-9e23-ce751b6161a5,user_1843,2026-09-12T03:17:22.652175+00:00,none,0,373.55,0.018,False,2,661.98
87dec28a-fcdd-4516-8321-ae77811ebcd5,user_1842,2026-09-13T11:02:08.642972+00:00,none,0,750.7,0.026,False,1,129.88
e3ce2a38-4d8d-43d9-9b26-b58b3b7476f3,user_1661,2026-08-31T03:57:06.655715+00:00,device_takeover,1,613.92,0.831,False,2,0.99
3ac813ad-1aff-40ac-8ce5-0522e2d665c0,user_1801,2026-09-14T15:05:47.648952+00:00,none,0,828.09,0.021,False,1,270.16
3912b131-66f0-45c7-b19c-41eee49a43e8,user_1619,2026-09-10T09:55:30.636526+00:00,none,0,645.85,0.02,False,2,730.26
2f09a0e7-7e3a-48d1-ad6a-6724babe2fd3,user_1282,2026-08-31T11:53:00.637763+00:00,none,0,305.89,0.079,False,2,1182.49
601a3c73-3e84-4ad4-95af-c831cce40496,user_1634,2026-08-26T01:57:38.640680+00:00,none,0,227.18,0.035,False,2,118.39
568aa717-f18a-4432-bf9d-0f3643b10ad3,user_1854,2026-08-30T11:42:38.657536+00:00,credential_stuffing,1,260.36,0.048,False,14,3.67
7cc21949-8791-4ac2-875b-017f0f66b8f1,user_1420,2026-09-03T11:21:17.638433+00:00,none,0,786.25,0.094,False,2,1250.71
f4e07ca8-1ce5-4ebd-b5fb-4fc9b4aecbb6,user_1215,2026-09-14T16:18:52.657028+00:00,token_replay,1,335.15,0.082,True,1,0.18
73dba619-6fc2-41ea-9233-6708c217cf37,user_1311,2026-08-27T15:39:27.648727+00:00,none,0,503.35,0.046,False,1,1140.4
231eb321-c931-43c6-a341-ee12125432b4,user_1879,2026-09-09T22:40:23.656988+00:00,token_replay,1,399.19,0.03,True,2,3.9
378196fe-f1f7-4ee6-90f7-1c6525666fc1,user_1791,2026-09-06T14:09:53.636011+00:00,none,0,886.7,0.086,False,1,550.48
40ff5b68-94c8-46c6-b867-dc9d74ea028e,user_1841,2026-09-13T03:43:41.647583+00:00,none,0,753.85,0.075,False,2,1110.48
3a246727-c004-456a-bcc6-9fa1c051685f,user_1789,2026-08-25T06:54:47.657153+00:00,credential_stuffing,1,266.24,0.057,False,11,3.08
77962a69-b5f6-4975-9f47-5a317f2e56d9,user_1734,2026-08-27T08:54:54.648062+00:00,none,0,550.84,0.009,False,2,504.17
8c6e512e-8036-43bf-a94c-30e7e1afd13f,user_1686,2026-08-27T21:02:10.641235+00:00,none,0,474.94,0.064,False,2,882.23
5ad18ce3-df9c-47a1-895b-e5f406a04f4e,user_1969,2026-08-23T22:44:22.638969+00:00,none,0,886.0,0.046,False,2,1121.61
9fb406d5-91f5-4a4d-9762-ac1071033c82,user_1853,2026-08-22T05:37:24.650939+00:00,none,0,119.53,0.014,False,2,1098.01
4a95ff42-1981-4c5a-af46-ee39657e91c5,user_1019,2026-09-06T10:32:39.646308+00:00,none,0,780.67,0.065,False,1,1411.0
e1e79e25-6da5-49ac-bb3e-150aff308b6c,user_1840,2026-09-01T10:10:33.655354+00:00,device_takeover,1,6.84,0.812,False,1,2.54
6b139312-88d9-442b-8f20-36e477a0f13c,user_1402,2026-08-30T00:08:45.646139+00:00,none,0,677.56,0.058,False,1,323.69
97040f92-4f12-46b3-af34-1c3780173341,user_1868,2026-08-27T22:27:17.653879+00:00,none,0,51.75,0.001,False,2,476.47
52d7e9f1-6d4d-4b6e-8315-d3229811e5df,user_1132,2026-08-22T05:08:27.656963+00:00,token_replay,1,358.04,0.066,True,1,0.38
3c864c5b-63f4-47d8-856a-c7d2bda12668,user_1891,2026-09-13T07:39:24.643395+00:00,none,0,123.63,0.02,False,2,1421.62
4d63d728-7dd0-4eb4-8bb6-d520cf04853b,user_1037,2026-09-01T08:47:39.640027+00:00,none,0,709.16,0.019,False,2,1263.13
17aec67f-b13d-4729-9e3b-3134e3746ddc,user_1896,2026-09-18T13:36:20.655021+00:00,device_takeover,1,558.55,0.893,False,1,3.5
3f76155b-5927-4145-ac94-1b5af65401ad,user_1019,2026-09-08T05:09:12.639072+00:00,none,0,194.09,0.015,False,2,164.55
757269ae-974a-41bc-b3fc-c500214f77c7,user_1546,2026-09-09T01:47:01.654309+00:00,impossible_travel,1,3626.59,0.064,False,2,4.64
56efcd0f-ff02-4172-a664-1e5ea9803f74,user_1121,2026-08-22T10:24:40.650877+00:00,none,0,767.09,0.011,False,2,825.48
9b9ccfcf-c140-4fa0-9670-21ff8dfeb0e0,user_1210,2026-09-05T14:25:59.652119+00:00,none,0,388.98,0.071,False,2,232.85
6ddf75d4-535c-4ad5-bf98-5572724a9976,user_1249,2026-08-29T11:07:53.637750+00:00,none,0,496.14,0.038,False,1,1244.88
c2848eb5-0946-4983-af78-84f4b2280581,user_1692,2026-09-01T13:47:48.641455+00:00,none,0,440.51,0.058,False,2,905.91
deb4c7bb-ea94-4bb9-84cd-2652d5f356e1,user_1920,2026-09-15T13:05:32.643577+00:00,none,0,460.43,0.062,False,2,168.61
fb8d25af-c33b-4ba6-a73b-5e63ec77b647,user_1036,2026-09-19T15:59:29.657977+00:00,credential_stuffing,1,679.61,0.053,False,26,1.99
c77f4112-1afa-4255-973e-b3d52eea7580,user_1755,2026-09-19T18:14:39.656900+00:00,token_replay,1,497.25,0.005,True,2,3.48
4530777e-11c5-46d0-bcd1-dd35b725b086,user_1859,2026-09-12T04:56:13.642572+00:00,none,0,158.49,0.059,False,2,1316.56
29143526-f271-4027-a877-18e8b472bf6d,user_1888,2026-09-18T02:10:11.655831+00:00,device_takeover,1,233.72,0.935,False,1,0.24
e8c3329e-a375-4f39-8d7f-e43648665bdf,user_1389,2026-09-18T12:10:19.646645+00:00,none,0,691.43,0.091,False,1,237.65
a413e831-6167-4871-ba43-d8e13e59aeab,user_1832,2026-09-14T04:11:59.641638+00:00,none,0,577.42,0.068,False,1,766.28
baab4cdf-3db4-46a1-b83b-09f0255ec130,user_1912,2026-08-26T12:00:34.656165+00:00,token_replay,1,697.07,0.086,True,2,0.56
73494446-5331-49ab-a099-839d04bf1edf,user_1874,2026-09-13T01:12:39.649266+00:00,none,0,456.02,0.039,False,2,853.15
fc09de47-ff1e-4bbb-a7ff-8554cb9efb34,user_1496,2026-09-14T17:51:17.637696+00:00,none,0,25.98,0.063,False,1,1023.54
555fb30c-4d3d-46ce-8601-6c86560e1b3b,user_1408,2026-09-17T02:18:00.655041+00:00,device_takeover,1,200.75,0.962,False,1,1.74
c4324be4-93e8-4bfd-b9ca-44dda777eb01,user_1856,2026-08-23T17:07:07.657391+00:00,credential_stuffing,1,263.76,0.024,False,17,4.0
0beee3ff-403d-4851-831c-a2de9aee2367,user_1931,2026-09-11T22:27:55.640669+00:00,none,0,96.31,0.01,False,1,350.79
54672eba-68f2-46c0-83e7-158925d49235,user_1019,2026-09-10T12:40:58.646926+00:00,none,0,519.66,0.033,False,2,100.02
9a7686a8-190c-4a72-8a48-f4a70d8acf3c,user_1679,2026-09-17T14:42:30.656847+00:00,token_replay,1,212.06,0.007,True,1,1.73
4e955e31-c66e-4a08-8aca-4abce9638b14,user_1846,2026-08-24T12:48:29.643780+00:00,none,0,802.86,0.061,False,1,928.28
5522ff7d-bb61-453d-ad69-0a7c2cf790b6,user_1083,2026-08-23T21:06:29.651425+00:00,none,0,726.91,0.099,False,1,1408.57
f60b59a8-273b-4ade-8be0-b0378535c2f2,user_1274,2026-08-25T06:33:42.641355+00:00,none,0,740.95,0.037,False,1,1095.61
296becb8-f2c1-4cf8-994a-aa5e39c5e94b,user_1493,2026-09-07T08:54:19.651174+00:00,none,0,538.08,0.084,False,2,1438.91
d43e47a7-5085-4b63-8975-4820a5b3a2d0,user_1670,2026-09-15T19:57:28.638181+00:00,none,0,750.32,0.062,False,2,51.95
47c7ed47-05b7-4d16-885a-c32be007f225,user_1987,2026-09-06T22:56:21.648993+00:00,none,0,154.6,0.075,False,1,1402.09
500a6a23-1f7f-4c7d-a5bb-3e8780bacdf0,user_1506,2026-09-14T21:14:58.649835+00:00,none,0,202.04,0.02,False,2,418.23
7089a423-9cce-4ed6-96d4-6dbce3eda73f,user_1965,2026-09-05T19:26:24.643229+00:00,none,0,641.47,0.071,False,2,613.16
9e96434f-8ce8-4daa-8730-3a9334a0105c,user_1844,2026-09-20T13:59:07.637657+00:00,none,0,591.89,0.054,False,2,82.78
28c05d6a-bb6c-4a41-adf5-8d300b283d1c,user_1523,2026-09-07T19:08:14.644758+00:00,none,0,150.95,0.069,False,2,861.03
f3375404-fe7c-4ccf-bdc7-8c51b69952ff,user_1290,2026-09-13T13:22:28.653225+00:00,none,0,672.35,0.085,False,1,864.39
0f539b79-ef71-4aeb-bd6b-e37e66bc1e64,user_1244,2026-09-08T19:24:20.647221+00:00,none,0,493.15,0.097,False,2,99.8
ba3f052e-e1ad-4e30-8179-ba4d690e9d37,user_1226,2026-08-21T18:40:29.638308+00:00,none,0,39.03,0.078,False,2,662.29
14e8e072-71c6-4558-a0c3-93275f920763,user_1225,2026-09-06T06:02:15.654298+00:00,impossible_travel,1,7374.29,0.055,False,1,1.12
4a5eedb8-031e-4d94-b214-ee98e7ad735c,user_1133,2026-09-14T02:11:26.646170+00:00,none,0,432.83,0.02,False,2,940.98
bc9f8a34-7a54-4cd5-bad8-d7e2d03125c0,user_1302,2026-09-05T18:13:58.639293+00:00,none,0,401.32,0.072,False,1,994.81
6f763b98-ca8a-4897-a568-99798b8a6701,user_1505,2026-09-19T08:42:11.639448+00:00,none,0,324.81,0.057,False,2,1158.25
4f5986e1-2f0b-437e-90a2-a22e7138df8b,user_1000,2026-09-18T05:11:10.656287+00:00,token_replay,1,226.29,0.035,True,2,3.93
ec67ffda-a53e-49e8-8363-6b78a82c5893,user_1564,2026-08-31T16:04:56.640645+00:00,none,0,10.67,0.053,False,2,773.78
4b15b9a6-eb7c-4990-80d5-54fccf5731d1,user_1129,2026-08-27T19:24:40.637294+00:00,none,0,92.33,0.001,False,2,678.58
9d8a03d1-25a2-4212-bb9b-3ddd40356d8a,user_1393,2026-09-05T15:00:08.649654+00:00,none,0,575.05,0.07,False,1,772.6
80cd9fbc-21d8-4f36-bc1b-d94aa0a4fe0d,user_1718,2026-09-15T02:01:27.638371+00:00,none,0,767.51,0.065,False,1,622.15
045da088-8b9b-4f96-8a9a-42a036000710,user_1194,2026-09-10T14:00:53.652371+00:00,none,0,840.89,0.04,False,2,178.35
e7a2bb82-91f9-4772-8cdd-0ca869d0230c,user_1124,2026-09-08T13:15:51.645658+00:00,none,0,346.32,0.097,False,1,1063.48
cd006443-37e1-4130-be98-74cb4f996c38,user_1433,2026-08-26T22:53:39.638883+00:00,none,0,325.65,0.036,False,1,1369.93
20599d4b-c1a0-4847-85b3-3f2e240b4c63,user_1588,2026-09-05T13:47:04.652129+00:00,none,0,528.74,0.05,False,2,400.26
985ce382-2a73-4b56-a57c-d07a45a248f7,user_1759,2026-09-08T06:48:40.655560+00:00,device_takeover,1,833.92,0.758,False,1,2.68
2aab681a-5c61-4d76-bf34-be987930ad0e,user_1605,2026-09-10T03:02:03.657100+00:00,credential_stuffing,1,681.53,0.034,False,29,2.17
1e6361ae-c19f-44dd-bd29-997dd242a6b0,user_1350,2026-08-22T07:11:05.655073+00:00,device_takeover,1,437.67,0.911,False,2,0.57
75dc9ef8-49b6-44f9-81a6-32cb876f69c8,user_1230,2026-09-03T15:14:47.656880+00:00,token_replay,1,388.36,0.03,True,1,0.11
556c749a-ffca-435d-859b-9b2c217db22a,user_1394,2026-09-06T20:53:42.649058+00:00,none,0,411.25,0.074,False,2,329.13
b8e0e14b-1658-46f5-925a-5211f5ec0391,user_1738,2026-08-28T09:54:45.654585+00:00,impossible_travel,1,8331.85,0.011,False,2,4.8
77d26654-7c4f-476b-bbdc-9997d9a87906,user_1460,2026-08-24T12:41:19.651997+00:00,none,0,27.09,0.014,False,1,443.5
1531ff6c-2c66-4577-a91a-fd31f020c40e,user_1094,2026-08-25T15:15:56.640469+00:00,none,0,652.13,0.019,False,2,546.24
43cd4d6a-eb14-41a2-86a3-4aa80ad9bafd,user_1202,2026-09-06T23:50:28.655611+00:00,device_takeover,1,865.68,0.731,False,2,0.83
dbf2b349-ae62-40d8-a91a-147c8146a556,user_1960,2026-09-14T08:07:42.645857+00:00,none,0,160.77,0.003,False,1,701.51
2efb6b84-ca01-4954-bfd5-042bd74e4f4b,user_1756,2026-08-26T00:01:55.653815+00:00,none,0,615.67,0.004,False,2,1389.27
92f2e5e2-045b-4221-825f-7367e4e9c567,user_1315,2026-09-18T10:24:40.638571+00:00,none,0,198.47,0.098,False,1,16.03
72c89664-d509-4f1d-9a6d-083ef47ec9aa,user_1108,2026-08-27T11:25:06.643588+00:00,none,0,178.78,0.02,False,2,1198.2
21395adb-e61c-4c5b-8062-c69a1894d0c2,user_1104,2026-08-25T03:55:41.635894+00:00,none,0,78.24,0.042,False,1,139.45
4234f547-c4ed-45a2-95e0-9b0453ce8d33,user_1901,2026-08-22T16:45:19.637182+00:00,none,0,631.07,0.028,False,1,746.36
4cff88c9-ded8-4946-9116-fbc886abe117,user_1163,2026-08-31T10:43:52.644198+00:00,none,0,488.77,0.04,False,2,322.42
e86a88a1-505f-455d-8f06-78eca3cdbd36,user_1233,2026-09-17T16:28:27.657255+00:00,credential_stuffing,1,856.53,0.099,False,18,0.08
36ecc615-bb06-474a-ae93-76e291d09ef8,user_1490,2026-08-28T14:29:35.646893+00:00,none,0,717.53,0.065,False,2,227.98
33ce4144-df97-43b4-b31e-cf681d985350,user_1788,2026-09-16T13:55:49.654451+00:00,impossible_travel,1,3408.91,0.094,False,1,3.96
fba6d819-a36b-46ec-94bc-2a7545f47e18,user_1001,2026-09-03T18:30:14.654330+00:00,impossible_travel,1,6694.15,0.097,False,2,0.42
8f5cdaf0-cf72-4a9c-8d41-605e9fdf7e64,user_1094,2026-08-23T01:32:14.656930+00:00,token_replay,1,9.04,0.041,True,1,4.95
e73253e4-5f54-41b2-8062-e341328c9825,user_1506,2026-08-28T15:21:29.651829+00:00,none,0,241.5,0.04,False,1,302.33
bbd98e1f-4364-40a2-a5f1-72acb9af8747,user_1475,2026-09-11T22:46:40.651818+00:00,none,0,289.64,0.037,False,2,1031.96
6a4b1926-b45a-4a6b-8b50-62494cdcbc73,user_1835,2026-09-06T05:30:06.653214+00:00,none,0,753.49,0.05,False,2,216.56
431e4924-158f-4252-9e79-0f26fb59d3c7,user_1624,2026-09-15T16:38:29.650555+00:00,none,0,741.25,0.004,False,1,244.71
56fdfcd2-be2d-4951-9f63-9d29d12b234f,user_1537,2026-08-27T05:07:05.656132+00:00,token_replay,1,150.57,0.015,True,1,0.5
9342ec2b-f39c-4493-9d36-13dc47511714,user_1531,2026-08-24T13:13:00.641098+00:00,none,0,522.47,0.058,False,2,541.86
6801e948-7ca4-4186-846c-f1fe9666d78a,user_1815,2026-09-16T09:51:33.653065+00:00,none,0,271.21,0.067,False,2,246.16
053a97ef-5e45-4874-876b-85c0fec2b62a,user_1938,2026-09-16T22:18:48.648876+00:00,none,0,104.91,0.013,False,1,693.11
bfb20bbc-7dfd-4e20-82e8-158f30a62a34,user_1357,2026-08-31T07:02:17.655155+00:00,device_takeover,1,433.46,0.861,False,1,4.83
ea31501d-b9a0-46ac-9432-4e89a48e806d,user_1576,2026-08-22T11:52:43.650179+00:00,none,0,380.76,0.076,False,2,885.9
8e8814be-21ae-4b71-b9e9-6ae2a23e5b38,user_1715,2026-08-29T19:36:34.656703+00:00,token_replay,1,339.87,0.099,True,1,0.98
d724f53e-dfa6-4878-8916-1b2d7a2f97db,user_1211,2026-09-11T16:52:24.654278+00:00,impossible_travel,1,1032.4,0.057,False,1,4.4
e65fb2dd-dae5-4ab2-aab3-872fbf1efd1d,user_1580,2026-08-27T11:40:13.654943+00:00,impossible_travel,1,1876.65,0.001,False,2,2.74
315f5f72-82f9-4fac-9efe-f4375e6482d5,user_1646,2026-08-23T04:57:08.651689+00:00,none,0,821.44,0.036,False,1,290.74
1e148ecd-4b46-49d6-935b-a34f5bcedba2,user_1586,2026-08-29T21:15:13.643822+00:00,none,0,79.22,0.05,False,2,175.34
ec1bab85-6307-4c07-8174-01e2c3b721d1,user_1865,2026-09-01T13:50:42.656413+00:00,token_replay,1,113.34,0.067,True,2,4.04
0c4c05d6-bfdb-43c9-9e2d-2ad393cbeb16,user_1444,2026-08-30T22:58:49.650189+00:00,none,0,83.65,0.051,False,2,975.69
82efb11f-6487-4bdc-8eae-1a7812a09d5f,user_1016,2026-09-17T06:24:23.655769+00:00,device_takeover,1,422.9,0.949,False,2,3.62
b07ac221-b86f-4ef6-81f4-df57b864e104,user_1879,2026-09-06T17:23:02.654996+00:00,device_takeover,1,360.85,0.957,False,1,2.2
123f7a9a-9378-4f1f-9edc-68d8b95b5eea,user_1052,2026-08-23T22:54:00.639719+00:00,none,0,505.64,0.036,False,2,110.52
3b713803-0081-47e0-9386-8ae0cf2658de,user_1097,2026-09-18T09:51:42.643661+00:00,none,0,8.71,0.014,False,1,476.63
353decd2-1ccf-4d10-8902-72850966536d,user_1203,2026-09-17T06:21:48.652078+00:00,none,0,820.21,0.039,False,1,339.41
493762de-7e8a-4d95-ad01-f2ceca7b1862,user_1144,2026-09-10T17:23:34.652560+00:00,none,0,113.0,0.017,False,1,344.11
7224caba-6bf2-4201-aabd-0feb8b481eff,user_1571,2026-09-17T05:15:19.644317+00:00,none,0,517.47,0.023,False,2,589.95
2f67a15e-e0d2-48fc-8759-02a72ee083db,user_1475,2026-08-30T20:32:49.651532+00:00,none,0,791.94,0.062,False,2,939.07
dd5ea0c1-e873-4131-80eb-2219079f23df,user_1853,2026-09-03T03:35:53.650457+00:00,none,0,716.38,0.08,False,1,897.34
efebc0ce-4ca1-4ad7-83ec-ac7f7305bc45,user_1436,2026-09-01T14:42:36.647115+00:00,none,0,161.08,0.06,False,2,889.41
88ffa0b4-82a2-43c1-89c6-8da7564cd078,user_1781,2026-09-16T08:45:02.643438+00:00,none,0,116.47,0.043,False,2,583.87
fd207bb6-2909-4f13-af9d-f5e9e77b011c,user_1297,2026-08-29T12:08:01.643493+00:00,none,0,655.05,0.06,False,2,627.31
a346f752-b5f2-4099-bbad-ddd4d02fd451,user_1342,2026-09-01T16:57:03.650718+00:00,none,0,652.59,0.074,False,1,751.87
4bf940dd-16ca-41bf-bb9e-60259c060f0b,user_1021,2026-09-13T23:25:33.651719+00:00,none,0,341.03,0.079,False,1,490.58
d18d0ba2-53e8-4c92-85e4-46ded61ca03a,user_1809,2026-08-21T18:55:54.651807+00:00,none,0,58.39,0.051,False,2,720.47
db847f61-9b31-41ea-ab9e-eebd4b634a55,user_1978,2026-09-07T13:32:51.650096+00:00,none,0,534.78,0.001,False,1,946.61
00fc4a64-3627-4a5e-a19b-bf6f14f99535,user_1520,2026-09-12T10:35:56.657643+00:00,credential_stuffing,1,24.62,0.09,False,27,2.69
f4bf98e0-4116-4187-86a9-27e41c66bb63,user_1502,2026-08-30T15:35:32.650159+00:00,none,0,662.3,0.092,False,1,520.23
860b578e-68c4-41f5-ab0d-97d99dbf748c,user_1094,2026-09-01T23:31:43.652801+00:00,none,0,357.9,0.059,False,1,749.1
ea7caec0-153f-4b16-b631-13bc46efc6a8,user_1940,2026-08-31T05:55:06.651414+00:00,none,0,479.17,0.032,False,2,284.26
394aec17-fdb6-43c9-85e5-a9fa027646d2,user_1118,2026-08-23T19:55:14.653161+00:00,none,0,330.96,0.085,False,2,832.88
7ef1755a-c0d6-4da9-bc2a-ad366a2706d4,user_1361,2026-09-05T03:17:47.654607+00:00,impossible_travel,1,5447.86,0.048,False,2,3.01
d205b27f-415b-47bd-a299-3efa3dd5d9b1,user_1724,2026-08-29T15:52:17.651235+00:00,none,0,245.71,0.066,False,2,495.24
7543c68b-fadb-4863-a2ec-1aa12bc993d6,user_1981,2026-09-09T17:40:13.657358+00:00,credential_stuffing,1,508.86,0.1,False,30,2.74
34b40459-e0d2-469d-a37e-24e6ef1b742e,user_1931,2026-08-22T02:05:37.657088+00:00,credential_stuffing,1,679.03,0.034,False,18,4.05
a91efd9b-eabf-4ce3-9d7a-c0f4616e7566,user_1470,2026-09-11T15:45:11.654402+00:00,impossible_travel,1,8340.38,0.018,False,2,4.72
5ec1a977-861a-42f1-b7d0-375376cbf22b,user_1281,2026-09-01T15:33:28.656547+00:00,token_replay,1,347.24,0.08,True,2,2.08
357e5458-cd2d-40cb-b785-9a61bcbff950,user_1269,2026-09-09T03:02:21.645233+00:00,none,0,242.47,0.096,False,2,530.1
5dd1cd3a-9f0e-4065-ae8e-3861939deb71,user_1092,2026-08-26T19:08:47.643630+00:00,none,0,67.54,0.072,False,2,929.62
ee85a7b9-d3bf-442f-aad0-eafde19dc038,user_1378,2026-09-12T02:58:16.647561+00:00,none,0,235.13,0.07,False,2,264.46
fffa3763-27a4-4ba2-baa3-53b8e1cb777f,user_1528,2026-09-13T15:22:38.656453+00:00,token_replay,1,505.84,0.097,True,1,1.12
7d3ed342-cb3f-409a-9f6f-a6e67b9c8f6b,user_1866,2026-08-26T02:08:54.642641+00:00,none,0,774.6,0.096,False,2,1016.01
9fe96a6f-f968-480c-b17c-05d95c057ab0,user_1943,2026-09-14T04:45:09.644023+00:00,none,0,883.2,0.065,False,1,728.09
78574625-f12f-45fe-8f22-49776140dbb8,user_1118,2026-09-05T16:04:07.642868+00:00,none,0,706.39,0.047,False,2,135.78
14284f39-3cdb-445b-882c-7c5fd058e54a,user_1746,2026-08-30T04:14:09.648585+00:00,none,0,304.82,0.011,False,2,1296.75
4a5f1fb3-611d-48a2-8423-c52f04bf5a5c,user_1080,2026-08-22T07:33:13.650286+00:00,none,0,233.39,0.067,False,2,771.83
d8610fbc-7ae1-4540-8dd4-10548075ed04,user_1559,2026-09-12T13:48:16.655238+00:00,device_takeover,1,540.85,0.765,False,1,4.76
ac02ff3e-aab5-4a98-88d1-b621d3dfdbf4,user_1304,2026-08-23T19:07:34.649392+00:00,none,0,361.82,0.023,False,1,1034.91
9bfa9801-a028-4bbc-b75d-883cb61de841,user_1381,2026-08-29T09:11:02.642027+00:00,none,0,877.1,0.008,False,1,730.29
eb1f43cd-e3bd-4013-b4a3-ceb70dbc2d7f,user_1421,2026-09-09T00:34:32.648051+00:00,none,0,844.28,0.061,False,1,860.65
e78c2006-4785-4539-a2b0-633dc2e7ae23,user_1436,2026-09-12T05:59:29.642196+00:00,none,0,318.55,0.091,False,2,406.59
f16436a8-99e7-4349-8805-e09b9b2b151f,user_1927,2026-09-18T20:12:50.649517+00:00,none,0,181.79,0.027,False,1,375.8
00decb23-22a9-4296-b957-be592c5abb1d,user_1433,2026-09-13T00:38:25.654767+00:00,impossible_travel,1,3446.45,0.009,False,2,4.89
208d65c5-56bc-42d3-9a6d-999a268ba441,user_1577,2026-09-19T17:37:56.644727+00:00,none,0,790.66,0.073,False,2,1364.31
e2b55c6f-2862-49c1-b3fc-b7ef70297499,user_1928,2026-09-03T10:02:22.656579+00:00,token_replay,1,866.52,0.047,True,2,1.38
4aa95668-7fd8-45e5-a327-6dae02801178,user_1338,2026-08-24T01:20:09.652038+00:00,none,0,566.86,0.06,False,2,1411.55
0da68faa-b577-4884-9034-e432ff638c11,user_1720,2026-09-16T00:25:45.641590+00:00,none,0,0.98,0.048,False,1,856.93
0f3c7f1a-4256-40ea-be12-816b49ea25de,user_1828,2026-08-27T13:40:31.655601+00:00,device_takeover,1,392.46,0.984,False,1,1.25
c3eeceee-cef9-40be-adf3-ff35f016e94d,user_1472,2026-09-11T19:35:48.636997+00:00,none,0,45.26,0.038,False,1,657.49
6e5a9dbf-e0dc-4d85-9b6e-e1cd74d58b3d,user_1442,2026-08-22T00:03:32.647644+00:00,none,0,826.24,0.086,False,2,392.92
12db3b17-875e-491e-bece-ccd42c37bb2e,user_1106,2026-08-27T13:13:44.642717+00:00,none,0,126.58,0.075,False,1,502.67
a2234af0-b99e-4732-8cf1-8b3763d1432e,user_1046,2026-09-16T14:17:09.650262+00:00,none,0,374.63,0.07,False,2,847.64
d81f081b-11f9-4fc9-9707-6d81ba58b3fb,user_1493,2026-08-22T07:22:10.644665+00:00,none,0,5.94,0.088,False,2,242.64
b3159045-789e-4ddc-bcc0-5e66ba475904,user_1590,2026-09-03T06:16:07.645954+00:00,none,0,607.04,0.07,False,2,1271.85
7ce8565e-af47-4748-8765-fb61d08a0796,user_1935,2026-08-27T23:27:00.653913+00:00,none,0,6.22,0.077,False,2,329.45
c634b2ae-71b0-4f67-9a20-42ade699d2e1,user_1055,2026-09-16T03:37:28.655145+00:00,device_takeover,1,805.46,0.829,False,2,0.82
6c163700-ac14-4e6c-9161-88c8abad2418,user_1839,2026-08-28T05:45:17.652636+00:00,none,0,17.83,0.038,False,1,1093.96
2ad6f4a4-57bc-40e6-8aa9-946966e4af7f,user_1482,2026-09-19T12:49:22.646255+00:00,none,0,298.69,0.074,False,1,297.45
4df78e68-8115-4254-a6cf-a142a902e53e,user_1622,2026-09-15T19:54:21.653685+00:00,none,0,806.91,0.017,False,2,264.27
70959180-1f95-429e-8981-d86bc03ede46,user_1003,2026-09-01T23:26:24.647829+00:00,none,0,858.74,0.082,False,2,178.93
6d7ff146-e63f-4188-9283-df83ce68ee78,user_1762,2026-09-02T13:09:40.638421+00:00,none,0,730.59,0.056,False,2,966.47
84ba728b-47ad-487c-80dd-7dfa743b2422,user_1016,2026-09-07T23:30:09.640559+00:00,none,0,497.98,0.058,False,2,428.6
26995491-0a1e-4296-bf52-8bf96fad4793,user_1388,2026-08-23T10:24:09.645223+00:00,none,0,90.67,0.036,False,2,273.56
ec4d59fd-6292-49b6-b642-02ee0d2e79bc,user_1227,2026-09-10T05:02:22.646033+00:00,none,0,770.15,0.002,False,2,1323.93
bd2b6e4a-5531-4eb8-8963-904e26369736,user_1076,2026-09-18T06:48:10.640612+00:00,none,0,687.9,0.041,False,1,102.53
7cd65e00-05e5-4d48-a591-d2ea6e543772,user_1716,2026-09-12T18:49:17.644919+00:00,none,0,90.25,0.051,False,2,1154.23
db7af960-2371-47fb-bb4d-fde6470279b9,user_1638,2026-09-10T21:29:38.656473+00:00,token_replay,1,103.24,0.0,True,1,2.6
b44ca73b-0747-4a6b-b226-ed1adf2e9ed3,user_1949,2026-08-27T14:42:48.650015+00:00,none,0,36.71,0.036,False,2,661.89
1840a0b8-1fb2-48a0-a6c8-fbaa5e42661b,user_1712,2026-09-11T16:38:39.647726+00:00,none,0,228.0,0.047,False,1,921.65
8d6dda49-1903-409a-8303-a37b49b6196a,user_1591,2026-09-15T16:24:46.655965+00:00,device_takeover,1,132.56,0.963,False,1,1.2
74f1abbb-f561-42e9-afaf-1b24e7dfab32,user_1996,2026-09-10T20:21:36.643599+00:00,none,0,322.13,0.041,False,1,61.55
d5504eaa-a1d6-4aa1-811d-3b6d0368e3cc,user_1299,2026-09-08T18:48:21.656997+00:00,token_replay,1,474.16,0.027,True,1,0.27
2188dc8c-0336-480d-a7ae-fcc6f14137a7,user_1283,2026-09-04T20:30:51.643273+00:00,none,0,775.34,0.026,False,2,275.3
de4dcf2e-762e-4ea8-8b09-d1bbdc40b69c,user_1300,2026-08-22T07:45:09.655654+00:00,device_takeover,1,744.02,0.894,False,2,1.99
9677ef47-3b68-42b7-b42f-8eb849bd9d62,user_1454,2026-08-27T01:47:59.646988+00:00,none,0,22.44,0.048,False,1,277.95
a0b9f2ea-7c0a-4fc4-a3e0-b1980e2a6e43,user_1577,2026-08-26T19:28:12.653610+00:00,none,0,544.45,0.042,False,1,458.98
bae0afd6-4831-41d3-9c79-4f99470e8037,user_1981,2026-08-30T20:18:43.644484+00:00,none,0,151.78,0.031,False,1,1027.01
9a11483b-c556-4ef5-8a9f-6c2b402d4b0e,user_1965,2026-08-31T08:55:45.644044+00:00,none,0,606.82,0.089,False,2,1264.18
54447e9b-9037-4637-b406-cfdc4080020e,user_1070,2026-09-18T16:25:20.637029+00:00,none,0,678.81,0.095,False,1,1209.29
8abe8842-affa-4464-b600-d409578ef52e,user_1421,2026-09-14T18:04:28.645329+00:00,none,0,315.98,0.068,False,1,832.79
4d63d011-24b3-491a-a1b2-f3d3a385b314,user_1184,2026-09-06T03:15:05.655538+00:00,device_takeover,1,9.13,0.754,False,1,0.59
24f23258-5db9-4ec9-9697-6a9823d6c53e,user_1009,2026-09-15T17:15:33.653902+00:00,none,0,387.72,0.02,False,1,594.38
33dae000-c97d-46f4-9459-56808d43b17e,user_1388,2026-09-02T07:53:31.640712+00:00,none,0,497.43,0.006,False,1,1013.58
df147f57-799b-46e2-9b8b-7d9501672ea2,user_1317,2026-09-16T19:15:34.641793+00:00,none,0,460.17,0.02,False,1,774.72
43403a9a-bbe4-4fd4-abd4-4e63b45a984e,user_1465,2026-09-11T23:52:14.648178+00:00,none,0,348.6,0.014,False,1,911.95
ebf9cf17-9682-4b8a-aafb-44431c2264b4,user_1810,2026-08-21T21:46:49.648017+00:00,none,0,338.52,0.016,False,2,120.84
a427907f-b047-44fd-a7b5-49d9d006416d,user_1148,2026-09-11T22:55:53.646655+00:00,none,0,692.24,0.005,False,2,449.16
221a5ec3-1adb-4d8e-93c5-bc8fec533d8d,user_1832,2026-08-23T17:31:35.645054+00:00,none,0,225.13,0.044,False,2,813.15
4752bb7b-b50d-455f-891f-8e7111951ca7,user_1151,2026-09-17T10:48:03.638346+00:00,none,0,113.57,0.062,False,2,551.6
056ef123-7212-4b82-ae85-10c42f25ccbc,user_1811,2026-09-05T16:55:57.637489+00:00,none,0,535.54,0.082,False,2,635.19
3c3c3531-7558-452a-a43a-6a9ee7346194,user_1065,2026-09-15T11:26:29.647965+00:00,none,0,102.76,0.059,False,1,95.56
6f51b5ac-88d8-486b-8275-e963202f8e54,user_1002,2026-09-01T16:27:07.636382+00:00,none,0,238.68,0.078,False,2,414.33
6d990ca4-47c6-48b8-a0db-1878a212034a,user_1764,2026-08-25T18:53:40.647613+00:00,none,0,210.3,0.068,False,2,686.04
8249ca25-f601-4257-8259-4379e472ad6e,user_1149,2026-09-08T05:06:06.638700+00:00,none,0,177.54,0.06,False,1,259.2
54850ad6-7e83-4f2d-b562-d4b1f599d5cf,user_1909,2026-09-13T21:32:21.652989+00:00,none,0,23.11,0.012,False,2,1369.77
519f30a9-1456-469f-857c-00b6f180e4d9,user_1664,2026-09-02T01:39:19.656005+00:00,device_takeover,1,658.8,0.827,False,2,0.95
57521f0c-014c-4d01-b4e2-0ddde5a3664e,user_1281,2026-09-17T16:18:20.640405+00:00,none,0,501.05,0.059,False,1,903.3
cbec1d4c-0d17-46f4-b4c8-029d349e8cf9,user_1266,2026-08-29T23:22:49.639389+00:00,none,0,193.11,0.061,False,2,292.26
67fb29c2-a7bc-4c15-83a4-75ffd69c2be1,user_1730,2026-09-17T01:41:05.640844+00:00,none,0,73.83,0.015,False,1,1066.41
9ccdd0f1-150a-400f-a6ae-3bedb8b249d0,user_1727,2026-08-29T06:31:26.654973+00:00,impossible_travel,1,3321.5,0.047,False,2,3.82
1eafbb76-b579-479c-8bd6-3ca037628a12,user_1327,2026-09-10T18:39:56.640548+00:00,none,0,333.63,0.041,False,1,1068.7
ea0a20dd-8dd9-4c68-a6fb-3b36cfa7b000,user_1282,2026-09-01T01:49:39.643036+00:00,none,0,129.47,0.061,False,2,60.65
c5d52b22-e7c6-47fa-9769-ee2483bd8f66,user_1771,2026-09-16T07:07:50.653088+00:00,none,0,94.92,0.099,False,1,234.94
22feb1a0-e693-4e37-9a3c-f403f308a753,user_1509,2026-09-09T10:23:58.649152+00:00,none,0,565.53,0.013,False,1,1063.74
901a450d-8c6a-4939-bc58-35c24bb1cc0d,user_1082,2026-09-04T08:12:49.648335+00:00,none,0,662.18,0.005,False,2,1279.25
f31d6f64-7e63-4cf8-8250-7b6d7e5d4192,user_1616,2026-08-23T13:30:33.652791+00:00,none,0,856.6,0.084,False,1,172.51
6520eee2-dced-4d07-a7ac-c0b9577b0de8,user_1872,2026-09-06T12:47:27.643651+00:00,none,0,324.19,0.068,False,2,1064.81
3ee9299e-df37-4a7f-ad83-373a06532d9a,user_1721,2026-09-06T15:27:57.649046+00:00,none,0,501.42,0.004,False,2,713.48
da9abf36-afe8-4155-9902-66767bdb0a2e,user_1694,2026-09-19T12:23:33.651371+00:00,none,0,892.76,0.069,False,2,981.78
3765989c-40e3-4725-b45f-b20326d4be15,user_1954,2026-08-31T17:35:58.641984+00:00,none,0,21.52,0.054,False,1,1369.67
44b87511-109a-4ecd-8888-5b6cd1987bcf,user_1383,2026-08-22T04:39:49.656693+00:00,token_replay,1,568.16,0.003,True,1,1.61
5f38e169-d978-475e-a216-146946a38551,user_1675,2026-09-11T06:18:49.636649+00:00,none,0,358.62,0.028,False,1,1392.49
cc88965a-8823-4370-82f0-1665157e7ca8,user_1895,2026-08-26T11:48:10.656423+00:00,token_replay,1,414.2,0.005,True,1,1.35
4a4c302b-f262-44eb-bb3c-ca41f97b9b16,user_1511,2026-09-01T10:22:54.636080+00:00,none,0,796.21,0.064,False,1,385.1
2ce373c8-7281-4683-94fd-ea4917bb907c,user_1100,2026-08-27T22:20:50.649361+00:00,none,0,90.05,0.068,False,2,717.81
c5a3b47f-4ae0-415f-b242-6c7b9662052a,user_1163,2026-09-18T13:05:35.648104+00:00,none,0,48.62,0.036,False,1,628.75
f338138e-facc-48e6-bbe7-2d62a270f5a3,user_1439,2026-09-05T08:54:11.641683+00:00,none,0,711.97,0.025,False,1,361.12
0965ad7c-b857-4660-89c8-4199e2a35295,user_1437,2026-08-24T15:42:48.640416+00:00,none,0,446.06,0.097,False,2,1132.63
7b90e434-8190-4012-8ec7-b7ce004d48c1,user_1379,2026-09-10T02:11:19.638193+00:00,none,0,399.04,0.095,False,2,147.57
86b7536a-71c5-4f17-baf8-65b703bb24ac,user_1696,2026-09-01T08:15:31.644887+00:00,none,0,679.47,0.041,False,2,261.46
fccf60dc-dc24-4707-a30d-93a315876981,user_1159,2026-09-12T23:55:50.638538+00:00,none,0,678.99,0.005,False,1,395.47
815682fc-bba1-46b0-9528-99d923d265b6,user_1768,2026-08-23T15:27:45.645189+00:00,none,0,115.42,0.053,False,2,691.39
5120c869-631e-42c4-88cb-dc9f2dbf99b9,user_1221,2026-08-22T22:05:04.648229+00:00,none,0,426.14,0.046,False,1,1052.58
be9ced3e-e1f9-4204-8758-7fe10540600c,user_1647,2026-09-02T01:41:48.646118+00:00,none,0,48.72,0.052,False,2,779.8
9c7924bf-4ed2-4736-a1a1-fde3e5652cef,user_1978,2026-09-16T19:15:01.639942+00:00,none,0,311.73,0.044,False,2,1077.43
d60fc1df-d72f-4f5c-9ea6-abafb1e2a9ce,user_1291,2026-09-14T06:37:57.655759+00:00,device_takeover,1,757.48,0.821,False,1,1.69
c2982d8e-5f58-454e-b533-26b7998553ea,user_1226,2026-08-21T16:36:12.644422+00:00,none,0,751.27,0.019,False,1,967.85
3d53bfec-01a8-4041-81bc-03f780462eae,user_1095,2026-09-16T21:10:13.655506+00:00,device_takeover,1,444.82,0.808,False,1,1.95
61b58497-73b0-449f-9fc2-763cf5b89470,user_1734,2026-08-28T09:38:28.639471+00:00,none,0,473.13,0.077,False,1,184.84
0f8d00ed-60e4-4f4e-95bc-afd8236ca98e,user_1466,2026-08-31T12:55:07.655268+00:00,device_takeover,1,369.35,0.806,False,2,2.62
14c54aa2-c304-4d35-8040-2d235468c5a0,user_1270,2026-09-15T00:10:59.647603+00:00,none,0,47.27,0.046,False,2,437.46
db68cbb3-779b-435e-bedb-0613823f5f47,user_1105,2026-08-30T16:15:25.650382+00:00,none,0,881.54,0.085,False,2,58.12
c39b8e20-1160-431f-8da9-770242280d37,user_1429,2026-09-02T10:07:24.655526+00:00,device_takeover,1,800.74,0.89,False,2,4.04
a9ff81f4-2ca0-4bf2-8fac-f7253922dd98,user_1943,2026-09-06T01:31:52.652651+00:00,none,0,535.67,0.015,False,1,374.21
f969a32f-785d-4f98-ae4e-d3a0f6d87021,user_1244,2026-09-05T19:31:58.641267+00:00,none,0,105.25,0.037,False,1,738.03
5f5be4b7-506c-44b4-8808-447e8d0b7933,user_1412,2026-08-21T17:03:54.658119+00:00,credential_stuffing,1,754.26,0.052,False,28,3.8
7945a3eb-44da-4528-86af-2cdcc4ae4060,user_1085,2026-09-15T14:14:27.645443+00:00,none,0,236.21,0.016,False,2,448.95
e4209ab4-8611-42ed-b895-688dd50e9a5f,user_1015,2026-09-08T12:08:44.656942+00:00,token_replay,1,731.36,0.008,True,1,2.19
09c947ae-85c4-41f2-ba4f-512abfca5adb,user_1365,2026-09-17T08:36:49.639154+00:00,none,0,310.32,0.073,False,1,1112.1
487a2195-0cc8-47ea-b326-d99fcc5af407,user_1157,2026-09-06T15:14:00.647376+00:00,none,0,897.71,0.067,False,1,21.65
4672835d-ad68-430f-8d2a-aeecade8a0d0,user_1611,2026-08-25T21:10:58.638360+00:00,none,0,265.41,0.051,False,2,147.32
16e9abae-832a-48e4-9763-0232571f793a,user_1700,2026-09-06T16:30:20.637885+00:00,none,0,897.68,0.075,False,2,1408.91
6f116f60-a3a1-4b6b-8fda-8befeaefbfaa,user_1130,2026-09-08T01:29:54.653706+00:00,none,0,8.55,0.051,False,1,948.6
9a44336e-411f-4715-86c5-68367dbf875a,user_1201,2026-09-07T20:38:08.644525+00:00,none,0,660.19,0.063,False,1,1285.17
c854e545-b890-4bd2-938a-3b5c7982c261,user_1293,2026-09-19T19:21:13.640658+00:00,none,0,451.99,0.07,False,2,1161.85
de678fa8-9613-45e4-9c9e-fd7cb8ad5c15,user_1815,2026-09-15T03:14:09.644242+00:00,none,0,347.29,0.054,False,2,40.45
af1ff676-7dcd-4f46-aa31-885ba70bf505,user_1407,2026-09-05T16:21:48.652849+00:00,none,0,5.78,0.017,False,2,7.27
5b1bf25c-989d-4b66-bac5-6a2df767bb9f,user_1631,2026-09-14T15:47:31.656514+00:00,token_replay,1,389.12,0.064,True,1,0.71
f6cc865f-9516-4693-ae73-4ee0131beff5,user_1441,2026-08-26T23:32:55.655995+00:00,device_takeover,1,300.37,0.832,False,2,0.49
efb2f366-efcc-424d-93fc-748dff412e30,user_1054,2026-09-07T09:38:32.648802+00:00,none,0,325.05,0.064,False,2,74.91
5ce8facf-8802-4bde-9fe3-16cce40ff1db,user_1271,2026-09-10T11:01:35.642738+00:00,none,0,224.59,0.007,False,2,1134.37
ecd081c7-0ecf-4e8c-b8cf-b647fa4995ca,user_1086,2026-09-14T02:49:12.651860+00:00,none,0,676.46,0.03,False,2,335.3
8718bcce-6596-4675-8c35-58cb08f6a88a,user_1821,2026-09-15T20:49:32.647654+00:00,none,0,229.81,0.058,False,2,1114.47
0bfe922b-b9eb-4fa0-ada7-3e734077f1c3,user_1742,2026-09-06T21:15:41.647696+00:00,none,0,226.71,0.003,False,1,86.63
d2497273-56d1-403a-8b8d-0eb7685c1978,user_1916,2026-09-10T18:48:49.651840+00:00,none,0,406.87,0.023,False,1,444.11
941938c0-4677-465d-b9fc-9128fa7ac154,user_1240,2026-08-30T06:21:57.657037+00:00,token_replay,1,584.92,0.045,True,1,0.11
52e8b361-06ef-41de-aa3c-3b02ae0ab529,user_1169,2026-08-23T17:02:01.653774+00:00,none,0,51.67,0.074,False,2,1164.98
f3cbba1b-c82f-4546-81f4-add1c5a9cdfc,user_1188,2026-09-10T16:18:11.648529+00:00,none,0,506.24,0.003,False,2,1408.46
4693d1c6-eaee-4fde-a2c0-5593d5ebfc33,user_1703,2026-08-28T14:45:51.638409+00:00,none,0,60.42,0.083,False,1,624.74
2c7e6eab-fcfe-4322-8edd-a291b7bf0b66,user_1420,2026-08-28T23:12:11.636316+00:00,none,0,777.45,0.005,False,1,91.98
791bc8f2-816a-49b1-99eb-00d16ab466e0,user_1754,2026-09-17T07:22:53.645011+00:00,none,0,827.26,0.055,False,2,503.63
27183ab6-f962-4983-9ea8-fe03a73c9423,user_1120,2026-09-19T05:07:25.641859+00:00,none,0,301.51,0.043,False,1,382.33
dc3dd4ac-4a37-4bf5-b7ec-ab564d7d7e5b,user_1475,2026-08-28T02:32:27.652258+00:00,none,0,415.22,0.008,False,1,1028.99
bbf2ec9a-7dd6-4c90-ae7f-abd26778768f,user_1644,2026-09-20T08:17:10.652550+00:00,none,0,58.16,0.049,False,1,79.77
21c7e1c8-e834-47fb-a234-03562dc273a4,user_1118,2026-09-12T02:02:41.657850+00:00,credential_stuffing,1,418.26,0.032,False,13,1.74
70940774-2dbb-4d78-8259-2190b5552e8b,user_1200,2026-09-10T21:52:34.651615+00:00,none,0,576.5,0.02,False,1,495.13
06d57808-d450-4b56-a560-116d73ba316b,user_1399,2026-08-31T07:07:52.636950+00:00,none,0,484.4,0.073,False,1,705.61
f6b0c442-3721-4aef-92b1-9fe98db820c8,user_1926,2026-08-22T05:15:13.651331+00:00,none,0,188.18,0.02,False,2,164.21
cdfa5416-222a-4d69-88f7-5a4779be41ae,user_1520,2026-09-15T19:16:46.646319+00:00,none,0,813.48,0.048,False,1,272.51
d09669bf-7733-4fa9-b6c3-294699e25dc1,user_1327,2026-09-12T11:43:24.642727+00:00,none,0,572.57,0.096,False,2,645.91
54a1bb86-6976-4aae-8816-4ecb27826142,user_1330,2026-08-30T15:22:16.651393+00:00,none,0,759.91,0.041,False,1,981.05
8ab4ced5-9541-4932-bf66-cd6d8da68b40,user_1835,2026-09-07T05:10:17.645022+00:00,none,0,203.67,0.096,False,2,1339.14
eaebe301-83a3-418f-bae6-28f0e5c1a40a,user_1939,2026-09-06T21:43:53.638825+00:00,none,0,348.67,0.077,False,1,1137.54
c873c6b3-8567-442f-aa41-e89f31c3184a,user_1067,2026-09-10T09:30:48.636069+00:00,none,0,821.82,0.057,False,2,310.12
09dbc772-c582-450a-b1b1-37fd46e1e091,user_1863,2026-08-28T19:03:10.639692+00:00,none,0,257.17,0.001,False,1,623.38
73cda0f9-7bc6-4f6a-a83a-670a792c9962,user_1896,2026-09-10T21:27:45.643125+00:00,none,0,753.28,0.025,False,2,77.55
cd110654-9b27-4490-9834-2aa7c7baf629,user_1985,2026-09-14T22:38:35.640501+00:00,none,0,672.19,0.075,False,1,1003.22
32ec76ef-c9d3-4fad-92cf-4ad7eb75ae50,user_1251,2026-09-13T06:41:11.650621+00:00,none,0,677.89,0.053,False,1,203.02
6b4a160b-343d-42f6-9317-d7365ed6c66b,user_1653,2026-09-08T07:25:16.637942+00:00,none,0,413.61,0.067,False,2,1298.24
eccca2e2-522f-4b7d-8050-742375d42286,user_1444,2026-09-04T21:14:26.645712+00:00,none,0,13.56,0.079,False,1,572.98
07ea2007-283f-4cfe-bdef-99724d896385,user_1348,2026-09-15T05:21:31.636155+00:00,none,0,264.15,0.016,False,1,1373.73
33b509ff-53ab-40a4-8528-9425b10e6d78,user_1467,2026-09-06T06:26:07.643640+00:00,none,0,237.71,0.005,False,1,1259.39
8784d702-46e1-4e87-a11e-cc57681aa85a,user_1253,2026-09-10T17:18:25.656485+00:00,token_replay,1,93.25,0.002,True,2,1.95
16c13db7-eed2-40dd-b345-d995ef913d20,user_1808,2026-09-18T14:33:24.652937+00:00,none,0,87.16,0.052,False,1,544.08
0717379a-7fda-46ec-a5dc-bc1196cd2fb6,user_1417,2026-09-06T12:45:55.649069+00:00,none,0,886.47,0.043,False,1,1288.97
e2a7d0c0-7683-4f2f-bf1b-5ec86da9c07a,user_1118,2026-09-06T12:18:51.653150+00:00,none,0,78.91,0.009,False,1,1073.53
276711fe-a211-452d-abd4-e2f9850e92bc,user_1154,2026-09-19T22:10:14.645615+00:00,none,0,444.22,0.034,False,2,1132.52
9a3b3bf4-d8d3-4ce0-a0c6-7f176da0b703,user_1005,2026-09-01T11:11:42.650297+00:00,none,0,105.01,0.017,False,2,665.33
c7a02c0a-792b-40a7-b30d-e50ffb20b5ee,user_1690,2026-08-26T05:23:08.653826+00:00,none,0,813.42,0.017,False,2,1209.55
fb3fa6a6-e34a-41ae-8e06-bf7b984a4a95,user_1441,2026-08-25T18:55:41.657078+00:00,token_replay,1,47.03,0.031,True,2,4.69
2f1207d4-3dd9-4403-8061-fa217aa2ec15,user_1789,2026-08-24T02:09:39.642704+00:00,none,0,29.14,0.06,False,1,922.89
0e4a9c30-f5e9-4eab-8789-0dd91d87c1cb,user_1946,2026-09-09T09:24:21.657633+00:00,credential_stuffing,1,599.79,0.014,False,16,2.76
da7a3160-d0a3-4707-94a3-2eca8f20bc92,user_1149,2026-09-17T15:03:10.644075+00:00,none,0,621.54,0.03,False,1,519.71
b42ae584-cbc4-473c-b0cc-fcc4e115a572,user_1769,2026-09-05T16:09:09.646957+00:00,none,0,634.74,0.031,False,1,394.6
2a440e5b-4dff-42b3-ae4b-4a5d56c752b0,user_1282,2026-09-11T10:11:00.638216+00:00,none,0,871.39,0.095,False,2,136.55
d591d008-515e-49e7-8651-93f780868cd6,user_1873,2026-09-20T03:59:08.656112+00:00,token_replay,1,534.6,0.097,True,1,2.44
861ca703-0482-49a9-aa60-03df86bdaf4c,user_1317,2026-08-29T01:06:00.647150+00:00,none,0,423.49,0.095,False,1,1240.67
b23a36a9-ab24-4fbf-aa84-80ab25059b57,user_1218,2026-09-04T12:39:14.644209+00:00,none,0,297.96,0.029,False,2,1435.17
994afda2-c6a7-4805-b591-2202c44e3c76,user_1586,2026-09-03T22:04:46.652838+00:00,none,0,732.81,0.027,False,1,1339.57
e06926d8-841c-4330-8883-3faae8db6dec,user_1479,2026-08-25T15:52:16.655052+00:00,device_takeover,1,810.11,0.839,False,1,0.9
13207dc0-8056-4a75-8c40-abb37ffd064b,user_1879,2026-08-24T02:51:22.641879+00:00,none,0,150.19,0.016,False,1,1288.28
a3c70c20-1029-4df9-a2dd-c8e6049ddee1,user_1685,2026-09-05T20:09:57.648293+00:00,none,0,145.62,0.046,False,1,1406.16
f40ea89b-a7db-45bd-91fe-e4dc2789c579,user_1767,2026-09-07T03:10:11.641477+00:00,none,0,625.23,0.088,False,2,1368.61
c80e29e2-26ec-4ed8-bbd9-0fe49a3525d5,user_1320,2026-09-16T06:18:17.653758+00:00,none,0,571.21,0.008,False,1,1360.88
d92ac4e0-7235-4c0e-a069-0f0040ce2ffc,user_1718,2026-08-22T23:34:33.645879+00:00,none,0,230.34,0.037,False,1,23.78
53e817f4-5362-4f54-b476-78a77ff46bd3,user_1150,2026-09-17T22:11:03.644717+00:00,none,0,149.71,0.092,False,2,865.08
c0c66512-7d00-4c4d-a321-eecfa6a11579,user_1244,2026-09-05T14:46:12.638958+00:00,none,0,869.04,0.078,False,1,532.85
f8f51ef7-bb1f-474c-b42b-a8890a2aff99,user_1896,2026-09-07T20:27:21.636166+00:00,none,0,874.7,0.076,False,1,1254.19
aabcb1e7-5b0e-4330-a214-7ecb829a19c2,user_1093,2026-09-15T01:45:20.651044+00:00,none,0,881.81,0.054,False,2,211.69
3d5afca5-68c4-432e-81a5-f0362d7ea90d,user_1199,2026-09-01T23:59:56.641312+00:00,none,0,867.45,0.051,False,2,592.11
5cebdb32-e03d-47c7-8e76-9180e5c67403,user_1592,2026-09-16T00:57:13.649402+00:00,none,0,532.68,0.027,False,2,617.9
f09895f9-d5aa-4728-b879-458f3bbe9dd7,user_1916,2026-09-01T20:51:09.639260+00:00,none,0,305.13,0.019,False,2,532.14
b98c41bd-ed4d-4553-82ec-509ad91e5b37,user_1152,2026-09-07T00:34:00.646937+00:00,none,0,756.67,0.034,False,2,904.04
4b55b14d-18c4-44ee-8eed-8deedaafe213,user_1139,2026-09-20T11:44:34.649739+00:00,none,0,360.6,0.063,False,2,831.29
25ffe0ec-0310-43db-b5d3-738aec77b7e7,user_1619,2026-08-22T08:52:16.640479+00:00,none,0,35.59,0.007,False,1,692.93
42b90ed4-b417-4393-bb0d-bff4f7ab9dc2,user_1665,2026-08-25T12:00:01.645339+00:00,none,0,157.08,0.078,False,2,471.5
cb640385-f280-455d-95f1-4efb61b71486,user_1489,2026-09-17T07:12:42.652108+00:00,none,0,350.09,0.09,False,1,191.45
3b0bf00c-9b27-4c14-af35-d926acd0ab45,user_1676,2026-09-11T12:21:58.653010+00:00,none,0,2.82,0.064,False,2,28.86
2ddc1712-34a5-4ad9-8531-4449c11cb758,user_1661,2026-09-17T18:23:49.640005+00:00,none,0,817.14,0.009,False,1,772.94
aff52b96-0ee4-421c-96d9-46b67055f085,user_1227,2026-09-02T15:16:19.644949+00:00,none,0,72.04,0.004,False,2,1340.53
f5a6d1f8-93fd-4434-88b7-0ff4b8ad30a8,user_1633,2026-08-25T08:02:37.650991+00:00,none,0,519.17,0.005,False,1,1082.05
ba30f9ef-4cd8-4658-977b-e7606e315679,user_1087,2026-08-23T23:05:06.654840+00:00,impossible_travel,1,6083.17,0.056,False,2,0.23
2d233d0c-d35d-4fce-8d0e-15310f3c40fa,user_1418,2026-08-29T18:27:05.637380+00:00,none,0,620.43,0.047,False,1,337.17
edaf79dd-392a-4532-8217-5ae83fb2e914,user_1981,2026-09-01T07:27:49.654859+00:00,impossible_travel,1,5501.94,0.031,False,2,3.63
746b990d-56cc-4344-ad5e-7a2d71246775,user_1523,2026-08-24T15:09:46.646044+00:00,none,0,513.6,0.057,False,1,59.15
714d65b0-b2f1-4c11-a69b-f1cd9bcdd91a,user_1157,2026-09-07T21:17:07.648737+00:00,none,0,270.15,0.064,False,2,183.19
4975e7ce-bf2e-4e40-b8eb-336ef86469e3,user_1075,2026-09-03T06:21:29.651679+00:00,none,0,27.02,0.012,False,2,636.99
4a5593ab-525d-43b5-94a9-8aeeea58991d,user_1914,2026-08-25T10:00:12.636905+00:00,none,0,72.52,0.015,False,2,1000.82
f51354fd-ed71-4465-aa8d-8276b67819bc,user_1206,2026-09-07T10:35:08.652607+00:00,none,0,776.18,0.048,False,2,576.48
fbe515ca-d04a-4a7f-9a7f-9f2055c9f9a9,user_1753,2026-09-17T14:45:48.639866+00:00,none,0,635.2,0.052,False,2,1437.31
7aef3293-7685-49ba-8c5c-d8cdcab0f038,user_1168,2026-09-05T07:41:32.649983+00:00,none,0,663.18,0.049,False,1,802.39
4e614010-f65d-41cf-8c36-c78119b1cb94,user_1120,2026-09-09T03:15:51.641390+00:00,none,0,188.89,0.074,False,2,1240.6
af9d7d4f-cca4-4f2c-ba32-940ef3123f12,user_1546,2026-09-14T11:50:47.637284+00:00,none,0,246.88,0.097,False,2,1005.79
b9ad7a96-4b9a-403e-a130-5b5b7f124d83,user_1058,2026-09-20T03:11:59.654350+00:00,impossible_travel,1,8415.39,0.022,False,2,0.88
66453bc2-68ff-4b59-8e6c-c9669bd61079,user_1197,2026-09-19T09:46:28.647892+00:00,none,0,647.77,0.059,False,2,562.88
ade79d20-8bf8-4f86-817c-28b13c3ea5d0,user_1918,2026-09-05T17:41:08.655258+00:00,device_takeover,1,451.88,0.96,False,2,3.24
7b3c108c-66d8-4b6c-b5c9-b65940fdb35e,user_1114,2026-09-13T10:56:50.648433+00:00,none,0,446.7,0.087,False,1,425.7
4864859d-3314-4f8c-a838-96314056ad45,user_1298,2026-08-25T22:16:59.648813+00:00,none,0,575.05,0.008,False,1,1104.84
2a59b55a-e2c7-472b-bfd1-a9b9ca1f725d,user_1342,2026-09-13T22:48:35.650591+00:00,none,0,110.69,0.02,False,2,1108.83
bb2375dd-7988-4255-a715-b08884e9aaca,user_1854,2026-09-05T21:15:06.645922+00:00,none,0,70.14,0.022,False,1,150.26
d9cf82fe-0f69-408f-acaf-275ca5909e92,user_1028,2026-09-19T22:21:46.652339+00:00,none,0,303.4,0.019,False,1,321.51
279eda07-d414-4fa6-9a44-e35e260a1018,user_1579,2026-08-30T11:16:11.648769+00:00,none,0,781.51,0.063,False,2,1403.06
